EN_Name,sum,year,Source,Scale,area_km2
Shandong,11634100.058823526,1991,My,30,10470.690052941174
Henan,9259521.39607843,1991,My,30,8333.569256470588
Beijing,928488.8196078431,1991,My,30,835.6399376470588
Tianjin,808745.1372549018,1991,My,30,727.8706235294117
Hebei,7989919.568627452,1991,My,30,7190.927611764707
Anhui,6254352.235294119,1991,My,30,5628.917011764708
Jiangsu,5282031.792156864,1991,My,30,4753.828612941177
Shandong,14079968.117647054,1994,My,30,12671.971305882349
Henan,12425592.882352939,1994,My,30,11183.033594117645
Beijing,1045405.7647058824,1994,My,30,940.8651882352942
Tianjin,1086105.074509804,1994,My,30,977.4945670588236
Hebei,9450855.141176471,1994,My,30,8505.769627058824
Anhui,8125174.921568628,1994,My,30,7312.657429411765
Jiangsu,7382428.113725489,1994,My,30,6644.185302352941
Shandong,15735161.937254904,1997,My,30,14161.645743529412
Henan,14226988.82352941,1997,My,30,12804.289941176468
Beijing,1239841.6784313724,1997,My,30,1115.8575105882353
Tianjin,1200487.356862745,1997,My,30,1080.4386211764706
Hebei,10542955.270588232,1997,My,30,9488.65974352941
Anhui,9462643.062745098,1997,My,30,8516.378756470589
Jiangsu,8668630.36470588,1997,My,30,7801.767328235292
Shandong,17109080.835294116,2000,My,30,15398.172751764703
Henan,15331295.945098042,2000,My,30,13798.166350588237
Beijing,1330420.9019607839,2000,My,30,1197.3788117647057
Tianjin,1305934.8117647062,2000,My,30,1175.3413305882355
Hebei,11219242.9372549,2000,My,30,10097.31864352941
Anhui,10489961.28235294,2000,My,30,9440.965154117646
Jiangsu,10006276.309803924,2000,My,30,9005.64867882353
Shandong,19577882.996078428,2003,My,30,17620.094696470584
Henan,16614208.494117646,2003,My,30,14952.78764470588
Beijing,1760004.188235294,2003,My,30,1584.0037694117646
Tianjin,1554094.4274509805,2003,My,30,1398.6849847058827
Hebei,12299085.007843133,2003,My,30,11069.176507058817
Anhui,11451940.49019608,2003,My,30,10306.746441176474
Jiangsu,11657004.71372549,2003,My,30,10491.304242352942
Shandong,22066826.741176475,2006,My,30,19860.144067058827
Henan,18833656.815686274,2006,My,30,16950.291134117644
Beijing,1921343.3372549019,2006,My,30,1729.2090035294118
Tianjin,1745861.7882352942,2006,My,30,1571.2756094117647
Hebei,13249645.945098039,2006,My,30,11924.681350588235
Anhui,12581591.560784308,2006,My,30,11323.432404705876
Jiangsu,14335278.082352944,2006,My,30,12901.750274117649
Shandong,25017977.545098037,2009,My,30,22516.17979058823
Henan,20498894.666666664,2009,My,30,18449.005199999996
Beijing,2089899.9803921569,2009,My,30,1880.9099823529411
Tianjin,2098232.925490196,2009,My,30,1888.4096329411761
Hebei,14833187.24705882,2009,My,30,13349.86852235294
Anhui,15072663.133333337,2009,My,30,13565.396820000004
Jiangsu,17310372.270588238,2009,My,30,15579.335043529414
Shandong,27849621.490196086,2012,My,30,25064.659341176477
Henan,23464366.341176476,2012,My,30,21117.929707058833
Beijing,2389560.3490196075,2012,My,30,2150.604314117647
Tianjin,2467560.772549019,2012,My,30,2220.8046952941177
Hebei,16989724.929411765,2012,My,30,15290.752436470588
Anhui,17052058.07058824,2012,My,30,15346.852263529414
Jiangsu,20617963.192156874,2012,My,30,18556.166872941187
Shandong,30793059.011764705,2015,My,30,27713.753110588234
Henan,27017863.333333347,2015,My,30,24316.077000000012
Beijing,2616927.780392157,2015,My,30,2355.235002352941
Tianjin,2880413.8156862743,2015,My,30,2592.3724341176476
Hebei,19691277.027450975,2015,My,30,17722.14932470588
Anhui,19222897.91764706,2015,My,30,17300.608125882354
Jiangsu,23502976.717647046,2015,My,30,21152.67904588234
Shandong,35561268.447058834,2018,My,30,32005.14160235295
Henan,31424716.062745094,2018,My,30,28282.244456470587
Beijing,2922324.984313726,2018,My,30,2630.0924858823537
Tianjin,3250755.823529412,2018,My,30,2925.6802411764706
Hebei,22726991.984313726,2018,My,30,20454.292785882353
Anhui,23412181.929411773,2018,My,30,21070.963736470596
Jiangsu,26900088.63529411,2018,My,30,24210.079771764704
Shandong,2967865.0392156867,1985,GAIA,30,2671.0785352941184
Henan,3039378.1058823536,1985,GAIA,30,2735.4402952941186
Beijing,685061.5137254902,1985,GAIA,30,616.5553623529413
Tianjin,529242.988235294,1985,GAIA,30,476.31868941176464
Hebei,4642258.262745097,1985,GAIA,30,4178.0324364705875
Anhui,1290528.3215686278,1985,GAIA,30,1161.475489411765
Jiangsu,2035433.4470588234,1985,GAIA,30,1831.8901023529409
Shandong,5629167.392156863,1986,GAIA,30,5066.250652941177
Henan,6361687.435294117,1986,GAIA,30,5725.518691764705
Beijing,1033662.2000000001,1986,GAIA,30,930.2959800000001
Tianjin,786064.1647058823,1986,GAIA,30,707.4577482352942
Hebei,6599938.3686274495,1986,GAIA,30,5939.944531764705
Anhui,1935182.0588235296,1986,GAIA,30,1741.6638529411766
Jiangsu,3551582.701960783,1986,GAIA,30,3196.4244317647044
Shandong,6572287.690196076,1987,GAIA,30,5915.058921176469
Henan,7409148.6000000015,1987,GAIA,30,6668.233740000002
Beijing,1100725.1647058823,1987,GAIA,30,990.6526482352941
Tianjin,858896.8000000002,1987,GAIA,30,773.0071200000001
Hebei,7276901.537254901,1987,GAIA,30,6549.21138352941
Anhui,2473433.933333333,1987,GAIA,30,2226.09054
Jiangsu,4484620.219607843,1987,GAIA,30,4036.1581976470584
Shandong,7529334.039215685,1988,GAIA,30,6776.400635294116
Henan,8121779.784313725,1988,GAIA,30,7309.601805882352
Beijing,1253924.8274509802,1988,GAIA,30,1128.5323447058822
Tianjin,970064.8313725492,1988,GAIA,30,873.0583482352943
Hebei,7987319.0156862745,1988,GAIA,30,7188.587114117648
Anhui,2872437.392156863,1988,GAIA,30,2585.193652941177
Jiangsu,5276730.047058825,1988,GAIA,30,4749.057042352943
Shandong,8184375.003921567,1989,GAIA,30,7365.937503529411
Henan,8708037.133333335,1989,GAIA,30,7837.2334200000005
Beijing,1295028.9647058824,1989,GAIA,30,1165.5260682352944
Tianjin,1053027.8470588238,1989,GAIA,30,947.7250623529413
Hebei,8479961.792156864,1989,GAIA,30,7631.965612941178
Anhui,3154950.3686274514,1989,GAIA,30,2839.455331764706
Jiangsu,5833420.552941176,1989,GAIA,30,5250.078497647059
Shandong,8840213.674509808,1990,GAIA,30,7956.192307058827
Henan,9112226.694117647,1990,GAIA,30,8201.004024705882
Beijing,1462348.9843137257,1990,GAIA,30,1316.114085882353
Tianjin,1141302.745098039,1990,GAIA,30,1027.1724705882352
Hebei,9383811.45490196,1990,GAIA,30,8445.430309411762
Anhui,3362082.7411764706,1990,GAIA,30,3025.8744670588235
Jiangsu,6303900.788235295,1990,GAIA,30,5673.510709411766
Shandong,9291384.63921569,1991,GAIA,30,8362.24617529412
Henan,9370799.780392157,1991,GAIA,30,8433.71980235294
Beijing,1516774.9803921566,1991,GAIA,30,1365.097482352941
Tianjin,1209817.8196078432,1991,GAIA,30,1088.836037647059
Hebei,9781525.454901958,1991,GAIA,30,8803.372909411763
Anhui,3545845.6470588236,1991,GAIA,30,3191.2610823529412
Jiangsu,6652003.215686275,1991,GAIA,30,5986.802894117647
Shandong,9695844.047058824,1992,GAIA,30,8726.259642352943
Henan,9707516.956862742,1992,GAIA,30,8736.765261176468
Beijing,1554564.1372549022,1992,GAIA,30,1399.107723529412
Tianjin,1253200.3333333335,1992,GAIA,30,1127.8803000000003
Hebei,10152341.07843137,1992,GAIA,30,9137.106970588231
Anhui,3719596.1450980385,1992,GAIA,30,3347.6365305882346
Jiangsu,7109464.145098042,1992,GAIA,30,6398.517730588238
Shandong,10013890.792156864,1993,GAIA,30,9012.501712941177
Henan,10022126.192156866,1993,GAIA,30,9019.913572941181
Beijing,1597516.3450980391,1993,GAIA,30,1437.7647105882352
Tianjin,1307300.6,1993,GAIA,30,1176.57054
Hebei,10673482.329411764,1993,GAIA,30,9606.134096470587
Anhui,3898931.674509803,1993,GAIA,30,3509.0385070588227
Jiangsu,7698417.34901961,1993,GAIA,30,6928.57561411765
Shandong,10422383.611764707,1994,GAIA,30,9380.145250588237
Henan,10347936.11764706,1994,GAIA,30,9313.142505882355
Beijing,1659664.7411764704,1994,GAIA,30,1493.6982670588231
Tianjin,1353593.125490196,1994,GAIA,30,1218.2338129411764
Hebei,11094767.70980392,1994,GAIA,30,9985.29093882353
Anhui,4029066.4705882343,1994,GAIA,30,3626.1598235294105
Jiangsu,8174322.129411761,1994,GAIA,30,7356.8899164705845
Shandong,10860562.925490202,1995,GAIA,30,9774.506632941182
Henan,10722170.050980393,1995,GAIA,30,9649.953045882356
Beijing,1722852.070588235,1995,GAIA,30,1550.5668635294116
Tianjin,1396409.474509804,1995,GAIA,30,1256.7685270588236
Hebei,11460942.258823529,1995,GAIA,30,10314.848032941178
Anhui,4165667.266666665,1995,GAIA,30,3749.1005399999985
Jiangsu,8725461.258823529,1995,GAIA,30,7852.915132941176
Shandong,11265301.843137259,1996,GAIA,30,10138.771658823533
Henan,11191136.015686275,1996,GAIA,30,10072.022414117648
Beijing,1791599.137254902,1996,GAIA,30,1612.4392235294117
Tianjin,1438246.7411764704,1996,GAIA,30,1294.4220670588234
Hebei,11830543.568627449,1996,GAIA,30,10647.489211764705
Anhui,4364625.8,1996,GAIA,30,3928.1632200000004
Jiangsu,9203337.658823526,1996,GAIA,30,8283.003892941173
Shandong,11686778.31764706,1997,GAIA,30,10518.100485882354
Henan,11631291.925490197,1997,GAIA,30,10468.162732941177
Beijing,1860974.0392156867,1997,GAIA,30,1674.876635294118
Tianjin,1485730.333333333,1997,GAIA,30,1337.1572999999999
Hebei,12195018.105882352,1997,GAIA,30,10975.516295294117
Anhui,4564876.941176471,1997,GAIA,30,4108.389247058824
Jiangsu,9594965.874509806,1997,GAIA,30,8635.469287058824
Shandong,12184182.79215686,1998,GAIA,30,10965.764512941174
Henan,11974390.047058826,1998,GAIA,30,10776.951042352943
Beijing,1939708.2823529413,1998,GAIA,30,1745.737454117647
Tianjin,1536877.1999999997,1998,GAIA,30,1383.1894799999998
Hebei,12570193.976470592,1998,GAIA,30,11313.174578823533
Anhui,4780791.047058823,1998,GAIA,30,4302.71194235294
Jiangsu,9987822.376470588,1998,GAIA,30,8989.040138823528
Shandong,12777744.34901961,1999,GAIA,30,11499.969914117648
Henan,12446990.047058826,1999,GAIA,30,11202.291042352943
Beijing,2047125.7686274513,1999,GAIA,30,1842.413191764706
Tianjin,1598578.7019607844,1999,GAIA,30,1438.720831764706
Hebei,13002849.341176467,1999,GAIA,30,11702.564407058819
Anhui,5093302.631372549,1999,GAIA,30,4583.972368235295
Jiangsu,10457216.125490198,1999,GAIA,30,9411.494512941179
Shandong,13557729.866666667,2000,GAIA,30,12201.956880000002
Henan,12810636.207843136,2000,GAIA,30,11529.572587058823
Beijing,2181139.6862745094,2000,GAIA,30,1963.0257176470584
Tianjin,1684783.1019607845,2000,GAIA,30,1516.304791764706
Hebei,13743268.764705883,2000,GAIA,30,12368.941888235295
Anhui,5441401.6,2000,GAIA,30,4897.26144
Jiangsu,11189682.23137255,2000,GAIA,30,10070.714008235296
Shandong,14310887.113725489,2001,GAIA,30,12879.79840235294
Henan,13040286.945098039,2001,GAIA,30,11736.258250588235
Beijing,2334787.333333333,2001,GAIA,30,2101.3086
Tianjin,1782266.6431372548,2001,GAIA,30,1604.0399788235293
Hebei,14297575.37647059,2001,GAIA,30,12867.81783882353
Anhui,5717527.823529411,2001,GAIA,30,5145.77504117647
Jiangsu,11730503.560784316,2001,GAIA,30,10557.453204705886
Shandong,15255241.862745091,2002,GAIA,30,13729.717676470582
Henan,13365703.160784313,2002,GAIA,30,12029.132844705884
Beijing,2541041.121568627,2002,GAIA,30,2286.937009411765
Tianjin,1895852.0078431375,2002,GAIA,30,1706.2668070588238
Hebei,14919382.04313725,2002,GAIA,30,13427.443838823525
Anhui,5951223.984313725,2002,GAIA,30,5356.101585882352
Jiangsu,12266242.184313728,2002,GAIA,30,11039.617965882355
Shandong,15949630.850980388,2003,GAIA,30,14354.667765882348
Henan,13610155.419607842,2003,GAIA,30,12249.13987764706
Beijing,2694391.4352941173,2003,GAIA,30,2424.9522917647055
Tianjin,1969717.5803921565,2003,GAIA,30,1772.7458223529406
Hebei,15388922.65882353,2003,GAIA,30,13850.030392941177
Anhui,6147267.250980392,2003,GAIA,30,5532.540525882353
Jiangsu,12759802.674509805,2003,GAIA,30,11483.822407058824
Shandong,16654007.435294118,2004,GAIA,30,14988.606691764704
Henan,13913598.56470588,2004,GAIA,30,12522.238708235293
Beijing,2871395.6588235293,2004,GAIA,30,2584.2560929411766
Tianjin,2069675.3372549016,2004,GAIA,30,1862.7078035294116
Hebei,15831787.796078438,2004,GAIA,30,14248.609016470595
Anhui,6331146.9215686275,2004,GAIA,30,5698.032229411764
Jiangsu,13398843.054901967,2004,GAIA,30,12058.95874941177
Shandong,17374202.721568625,2005,GAIA,30,15636.782449411765
Henan,14203672.69019608,2005,GAIA,30,12783.305421176474
Beijing,3058310.654901961,2005,GAIA,30,2752.4795894117647
Tianjin,2171450.117647059,2005,GAIA,30,1954.305105882353
Hebei,16222216.615686279,2005,GAIA,30,14599.99495411765
Anhui,6576337.2039215695,2005,GAIA,30,5918.703483529413
Jiangsu,14055033.0627451,2005,GAIA,30,12649.52975647059
Shandong,18096951.40784314,2006,GAIA,30,16287.256267058827
Henan,14528114.509803921,2006,GAIA,30,13075.303058823527
Beijing,3207901.945098039,2006,GAIA,30,2887.111750588235
Tianjin,2269580.2196078426,2006,GAIA,30,2042.622197647058
Hebei,16623677.301960787,2006,GAIA,30,14961.309571764708
Anhui,6928285.509803923,2006,GAIA,30,6235.45695882353
Jiangsu,14642370.254901962,2006,GAIA,30,13178.133229411766
Shandong,18740323.862745095,2007,GAIA,30,16866.291476470586
Henan,14858145.8745098,2007,GAIA,30,13372.33128705882
Beijing,3369601.3803921565,2007,GAIA,30,3032.641242352941
Tianjin,2378510.835294117,2007,GAIA,30,2140.6597517647056
Hebei,17103642.40392157,2007,GAIA,30,15393.278163529412
Anhui,7433343.521568627,2007,GAIA,30,6690.009169411765
Jiangsu,15386391.980392156,2007,GAIA,30,13847.75278235294
Shandong,19425482.57647059,2008,GAIA,30,17482.934318823533
Henan,15189263.352941176,2008,GAIA,30,13670.337017647058
Beijing,3545364.1372549017,2008,GAIA,30,3190.8277235294113
Tianjin,2503904.4039215683,2008,GAIA,30,2253.5139635294113
Hebei,17602859.482352946,2008,GAIA,30,15842.57353411765
Anhui,7798083.811764707,2008,GAIA,30,7018.275430588237
Jiangsu,16156877.55686274,2008,GAIA,30,14541.189801176466
Shandong,20160578.294117652,2009,GAIA,30,18144.52046470589
Henan,15564436.27843137,2009,GAIA,30,14007.992650588232
Beijing,3710890.945098039,2009,GAIA,30,3339.801850588235
Tianjin,2644946.784313725,2009,GAIA,30,2380.452105882352
Hebei,18127786.937254906,2009,GAIA,30,16315.008243529415
Anhui,8171360.600000001,2009,GAIA,30,7354.224540000001
Jiangsu,17020815.21960784,2009,GAIA,30,15318.73369764706
Shandong,20905125.415686276,2010,GAIA,30,18814.61287411765
Henan,16026624.690196078,2010,GAIA,30,14423.96222117647
Beijing,3876644.792156863,2010,GAIA,30,3488.9803129411766
Tianjin,2805845.8235294116,2010,GAIA,30,2525.2612411764703
Hebei,18797408.03921569,2010,GAIA,30,16917.66723529412
Anhui,8689299.356862746,2010,GAIA,30,7820.3694211764705
Jiangsu,17906321.4627451,2010,GAIA,30,16115.689316470593
Shandong,21886433.823529415,2011,GAIA,30,19697.790441176472
Henan,16681624.054901963,2011,GAIA,30,15013.461649411767
Beijing,4076614.4392156866,2011,GAIA,30,3668.952995294118
Tianjin,2990070.2313725487,2011,GAIA,30,2691.063208235294
Hebei,19601925.59607844,2011,GAIA,30,17641.733036470596
Anhui,9292572.101960784,2011,GAIA,30,8363.314891764707
Jiangsu,19015768.568627454,2011,GAIA,30,17114.19171176471
Shandong,23027067.349019602,2012,GAIA,30,20724.360614117642
Henan,17510309.81960784,2012,GAIA,30,15759.278837647054
Beijing,4251979.376470589,2012,GAIA,30,3826.78143882353
Tianjin,3161067.956862745,2012,GAIA,30,2844.96116117647
Hebei,20488149.058823526,2012,GAIA,30,18439.334152941174
Anhui,10275635.913725492,2012,GAIA,30,9248.072322352942
Jiangsu,20557061.53333334,2012,GAIA,30,18501.35538
Shandong,24716972.415686272,2013,GAIA,30,22245.275174117647
Henan,18417151.768627442,2013,GAIA,30,16575.436591764697
Beijing,4430066.423529413,2013,GAIA,30,3987.059781176471
Tianjin,3334073.156862745,2013,GAIA,30,3000.6658411764706
Hebei,21500365.070588246,2013,GAIA,30,19350.328563529423
Anhui,11317303.28235294,2013,GAIA,30,10185.572954117644
Jiangsu,22573127.321568627,2013,GAIA,30,20315.814589411766
Shandong,26305330.388235293,2014,GAIA,30,23674.79734941177
Henan,19337043.188235298,2014,GAIA,30,17403.33886941177
Beijing,4622550.396078432,2014,GAIA,30,4160.295356470589
Tianjin,3516188.9490196076,2014,GAIA,30,3164.5700541176466
Hebei,22548776.105882365,2014,GAIA,30,20293.89849529413
Anhui,11995368.250980394,2014,GAIA,30,10795.831425882354
Jiangsu,24092854.105882354,2014,GAIA,30,21683.568695294118
Shandong,28439754.717647057,2015,GAIA,30,25595.77924588235
Henan,20526157.007843148,2015,GAIA,30,18473.541307058833
Beijing,4887539.411764706,2015,GAIA,30,4398.7854705882355
Tianjin,3778932.2039215686,2015,GAIA,30,3401.0389835294113
Hebei,24199491.03921569,2015,GAIA,30,21779.54193529412
Anhui,12879584.552941173,2015,GAIA,30,11591.626097647057
Jiangsu,25647865.043137252,2015,GAIA,30,23083.07853882353
Shandong,30539975.568627454,2016,GAIA,30,27485.97801176471
Henan,21837562.08627452,2016,GAIA,30,19653.805877647068
Beijing,5132954.098039215,2016,GAIA,30,4619.658688235294
Tianjin,4049085.968627451,2016,GAIA,30,3644.1773717647056
Hebei,26013858.176470593,2016,GAIA,30,23412.472358823536
Anhui,13931002.533333331,2016,GAIA,30,12537.902279999997
Jiangsu,27863037.090196077,2016,GAIA,30,25076.73338117647
Shandong,30730530.74509804,2017,GAIA,30,27657.477670588232
Henan,22176362.200000007,2017,GAIA,30,19958.725980000007
Beijing,5168049.811764706,2017,GAIA,30,4651.244830588235
Tianjin,4086589.976470588,2017,GAIA,30,3677.9309788235287
Hebei,26327953.137254905,2017,GAIA,30,23695.157823529415
Anhui,14166044.972549018,2017,GAIA,30,12749.440475294115
Jiangsu,28125369.054901958,2017,GAIA,30,25312.832149411763
Shandong,30873145.427450985,2018,GAIA,30,27785.830884705883
Henan,22332616.17647059,2018,GAIA,30,20099.354558823532
Beijing,5197076.239215686,2018,GAIA,30,4677.368615294116
Tianjin,4120704.5999999996,2018,GAIA,30,3708.6341399999997
Hebei,26416366.725490205,2018,GAIA,30,23774.730052941184
Anhui,14279502.682352936,2018,GAIA,30,12851.552414117643
Jiangsu,28316895.309803914,2018,GAIA,30,25485.205778823525
Shandong,26642354.796078432,2015,GIS,30,23978.11931647059
Henan,14541337.505882356,2015,GIS,30,13087.20375529412
Beijing,3610097.733333333,2015,GIS,30,3249.0879599999994
Tianjin,3384738.6862745085,2015,GIS,30,3046.2648176470575
Hebei,20099247.929411758,2015,GIS,30,18089.323136470583
Anhui,7693607.36862745,2015,GIS,30,6924.246631764705
Jiangsu,16018988.823529411,2015,GIS,30,14417.089941176471
Shandong,5954042.580392158,1990,Global Urban Liu,30,5358.638322352942
Henan,3534407.364705882,1990,Global Urban Liu,30,3180.966628235294
Beijing,2240382.5254901964,1990,Global Urban Liu,30,2016.3442729411768
Tianjin,2746722.5333333337,1990,Global Urban Liu,30,2472.0502800000004
Hebei,6966349.752941175,1990,Global Urban Liu,30,6269.714777647057
Anhui,1821323.5333333332,1990,Global Urban Liu,30,1639.19118
Jiangsu,4827444.474509803,1990,Global Urban Liu,30,4344.700027058823
Shandong,7274829.752941174,1995,Global Urban Liu,30,6547.346777647057
Henan,4661343.533333334,1995,Global Urban Liu,30,4195.209180000001
Beijing,2584749.57254902,1995,Global Urban Liu,30,2326.274615294118
Tianjin,2701551.6627450986,1995,Global Urban Liu,30,2431.3964964705888
Hebei,7548624.141176471,1995,Global Urban Liu,30,6793.7617270588225
Anhui,1966708.9686274512,1995,Global Urban Liu,30,1770.038071764706
Jiangsu,6549473.301960785,1995,Global Urban Liu,30,5894.525971764707
Shandong,8493324.270588234,2000,Global Urban Liu,30,7643.99184352941
Henan,4814309.494117648,2000,Global Urban Liu,30,4332.8785447058835
Beijing,3000719.8235294116,2000,Global Urban Liu,30,2700.64784117647
Tianjin,2765108.482352941,2000,Global Urban Liu,30,2488.5976341176465
Hebei,8165373.8705882365,2000,Global Urban Liu,30,7348.836483529412
Anhui,2425028.352941177,2000,Global Urban Liu,30,2182.525517647059
Jiangsu,6973661.929411766,2000,Global Urban Liu,30,6276.295736470589
Shandong,11909822.050980395,2005,Global Urban Liu,30,10718.839845882354
Henan,5478542.447058823,2005,Global Urban Liu,30,4930.68820235294
Beijing,3465088.584313725,2005,Global Urban Liu,30,3118.5797258823522
Tianjin,2551250.619607843,2005,Global Urban Liu,30,2296.1255576470585
Hebei,8731567.105882354,2005,Global Urban Liu,30,7858.410395294119
Anhui,2585769.0,2005,Global Urban Liu,30,2327.1921
Jiangsu,10041559.356862746,2005,Global Urban Liu,30,9037.40342117647
Shandong,12638748.57254902,2010,Global Urban Liu,30,11374.87371529412
Henan,6375823.580392158,2010,Global Urban Liu,30,5738.241222352943
Beijing,3657549.996078431,2010,Global Urban Liu,30,3291.794996470588
Tianjin,3438693.6627450977,2010,Global Urban Liu,30,3094.8242964705883
Hebei,9386685.698039217,2010,Global Urban Liu,30,8448.017128235295
Anhui,3925086.9294117643,2010,Global Urban Liu,30,3532.578236470588
Jiangsu,12022676.831372552,2010,Global Urban Liu,30,10820.409148235296
Shandong,13031892.47450981,2015,Global Urban Liu,30,11728.703227058828
Henan,7028090.949019608,2015,Global Urban Liu,30,6325.281854117647
Beijing,3674100.878431373,2015,Global Urban Liu,30,3306.6907905882354
Tianjin,3773675.3215686283,2015,Global Urban Liu,30,3396.307789411765
Hebei,9579037.701960785,2015,Global Urban Liu,30,8621.133931764707
Anhui,4042783.6196078425,2015,Global Urban Liu,30,3638.505257647058
Jiangsu,11655259.529411763,2015,Global Urban Liu,30,10489.733576470588
Shandong,21264939.090196077,2000,Global Landcover 30,30,19138.44518117647
Henan,20501026.345098037,2000,Global Landcover 30,30,18450.923710588235
Beijing,2302805.2588235294,2000,Global Landcover 30,30,2072.5247329411764
Tianjin,1965410.090196078,2000,Global Landcover 30,30,1768.8690811764702
Hebei,16912513.474509805,2000,Global Landcover 30,30,15221.262127058824
Anhui,12917169.607843138,2000,Global Landcover 30,30,11625.452647058824
Jiangsu,13366342.882352943,2000,Global Landcover 30,30,12029.708594117646
Shandong,25089298.10980392,2010,Global Landcover 30,30,22580.368298823527
Henan,24230941.37647058,2010,Global Landcover 30,30,21807.847238823524
Beijing,3241367.5490196077,2010,Global Landcover 30,30,2917.2307941176473
Tianjin,2872393.3254901962,2010,Global Landcover 30,30,2585.1539929411765
Hebei,18916342.121568635,2010,Global Landcover 30,30,17024.707909411773
Anhui,14624229.607843142,2010,Global Landcover 30,30,13161.806647058827
Jiangsu,16974803.470588233,2010,Global Landcover 30,30,15277.32312352941
Shandong,39042290.070588246,2020,Global Landcover 30,30,35138.061063529414
Henan,32135297.04313724,2020,Global Landcover 30,30,28921.767338823516
Beijing,5051909.05882353,2020,Global Landcover 30,30,4546.718152941177
Tianjin,3734963.51764706,2020,Global Landcover 30,30,3361.467165882354
Hebei,28614999.709803917,2020,Global Landcover 30,30,25753.499738823524
Anhui,18635644.215686277,2020,Global Landcover 30,30,16772.07979411765
Jiangsu,26426368.109803915,2020,Global Landcover 30,30,23783.731298823524
Shandong,10527779.403921563,2015,GHSL,38,15202.113459262739
Henan,4923332.207843137,2015,GHSL,38,7109.291708125489
Beijing,3441982.3411764693,2015,GHSL,38,4970.222500658822
Tianjin,2081622.7254901961,2015,GHSL,38,3005.863215607843
Hebei,12937500.49411765,2015,GHSL,38,18681.750713505888
Anhui,2849129.223529412,2015,GHSL,38,4114.142598776471
Jiangsu,7999409.725490195,2015,GHSL,38,11551.147643607841
Shandong,6652786.054901963,2000,GHSL,38,9606.623063278435
Henan,3506139.7372549027,2000,GHSL,38,5062.86578059608
Beijing,3003828.4666666663,2000,GHSL,38,4337.528305866666
Tianjin,1377013.6705882354,2000,GHSL,38,1988.4077403294118
Hebei,8975916.85098039,2000,GHSL,38,12961.223932815685
Anhui,1646355.7999999998,2000,GHSL,38,2377.3377752
Jiangsu,4391622.592156862,2000,GHSL,38,6341.503023074509
Shandong,4766958.341176469,1990,GHSL,38,6883.487844658821
Henan,2660097.8784313723,1990,GHSL,38,3841.181336454902
Beijing,2817511.2431372544,1990,GHSL,38,4068.486235090196
Tianjin,1102868.780392157,1990,GHSL,38,1592.5425188862748
Hebei,6938328.286274512,1990,GHSL,38,10018.946045380397
Anhui,1132186.9647058826,1990,GHSL,38,1634.8779770352942
Jiangsu,2986341.9372549034,1990,GHSL,38,4312.277757396079
Shandong,41820.14901960782,2001,MODIS,500,10455.037254901956
Henan,33283.26666666666,2001,MODIS,500,8320.816666666666
Beijing,12908.643137254903,2001,MODIS,500,3227.160784313726
Tianjin,8887.313725490192,2001,MODIS,500,2221.828431372548
Hebei,37655.760784313745,2001,MODIS,500,9413.940196078436
Anhui,13431.043137254901,2001,MODIS,500,3357.7607843137253
Jiangsu,32420.12549019608,2001,MODIS,500,8105.03137254902
Shandong,42056.95294117645,2002,MODIS,500,10514.238235294113
Henan,33378.26666666666,2002,MODIS,500,8344.566666666666
Beijing,12923.643137254903,2002,MODIS,500,3230.910784313726
Tianjin,8903.988235294113,2002,MODIS,500,2225.9970588235283
Hebei,37716.08235294119,2002,MODIS,500,9429.020588235297
Anhui,13512.043137254903,2002,MODIS,500,3378.0107843137257
Jiangsu,33141.73333333334,2002,MODIS,500,8285.433333333334
Shandong,42411.592156862724,2003,MODIS,500,10602.898039215681
Henan,33574.26666666666,2003,MODIS,500,8393.566666666666
Beijing,12980.647058823532,2003,MODIS,500,3245.161764705883
Tianjin,8931.490196078426,2003,MODIS,500,2232.8725490196066
Hebei,37868.611764705885,2003,MODIS,500,9467.152941176471
Anhui,13693.866666666669,2003,MODIS,500,3423.466666666667
Jiangsu,34976.117647058825,2003,MODIS,500,8744.029411764706
Shandong,43022.3882352941,2004,MODIS,500,10755.597058823525
Henan,33878.26666666666,2004,MODIS,500,8469.566666666666
Beijing,13011.611764705884,2004,MODIS,500,3252.902941176471
Tianjin,8969.490196078426,2004,MODIS,500,2242.3725490196066
Hebei,38193.59607843139,2004,MODIS,500,9548.399019607848
Anhui,13844.301960784313,2004,MODIS,500,3461.075490196078
Jiangsu,36450.06666666665,2004,MODIS,500,9112.516666666663
Shandong,43761.90196078429,2005,MODIS,500,10940.475490196073
Henan,34233.266666666656,2005,MODIS,500,8558.316666666664
Beijing,13064.545098039218,2005,MODIS,500,3266.1362745098045
Tianjin,9017.105882352938,2005,MODIS,500,2254.2764705882346
Hebei,38627.08235294119,2005,MODIS,500,9656.770588235297
Anhui,13995.301960784313,2005,MODIS,500,3498.825490196078
Jiangsu,37420.68235294116,2005,MODIS,500,9355.17058823529
Shandong,44276.843137254895,2006,MODIS,500,11069.210784313724
Henan,34584.93725490195,2006,MODIS,500,8646.234313725488
Beijing,13111.592156862747,2006,MODIS,500,3277.898039215687
Tianjin,9073.105882352938,2006,MODIS,500,2268.2764705882346
Hebei,39036.83529411766,2006,MODIS,500,9759.208823529416
Anhui,14181.117647058823,2006,MODIS,500,3545.279411764706
Jiangsu,38291.14117647057,2006,MODIS,500,9572.785294117642
Shandong,44695.65490196078,2007,MODIS,500,11173.913725490194
Henan,34810.93725490195,2007,MODIS,500,8702.734313725488
Beijing,13153.490196078432,2007,MODIS,500,3288.372549019608
Tianjin,9145.105882352938,2007,MODIS,500,2286.2764705882346
Hebei,39384.90196078432,2007,MODIS,500,9846.22549019608
Anhui,14479.223529411765,2007,MODIS,500,3619.8058823529414
Jiangsu,39236.54117647057,2007,MODIS,500,9809.135294117643
Shandong,45062.3294117647,2008,MODIS,500,11265.582352941175
Henan,34999.93725490195,2008,MODIS,500,8749.984313725488
Beijing,13206.560784313728,2008,MODIS,500,3301.640196078432
Tianjin,9238.435294117642,2008,MODIS,500,2309.6088235294105
Hebei,39603.92549019609,2008,MODIS,500,9900.981372549022
Anhui,14701.223529411765,2008,MODIS,500,3675.3058823529414
Jiangsu,40654.690196078416,2008,MODIS,500,10163.672549019604
Shandong,45453.79215686274,2009,MODIS,500,11363.448039215686
Henan,35214.93725490195,2009,MODIS,500,8803.734313725488
Beijing,13310.874509803924,2009,MODIS,500,3327.718627450981
Tianjin,9327.674509803917,2009,MODIS,500,2331.9186274509793
Hebei,39873.372549019616,2009,MODIS,500,9968.343137254904
Anhui,15180.607843137255,2009,MODIS,500,3795.151960784314
Jiangsu,42527.36862745097,2009,MODIS,500,10631.842156862742
Shandong,45844.450980392154,2010,MODIS,500,11461.112745098038
Henan,35504.937254901946,2010,MODIS,500,8876.234313725487
Beijing,13380.807843137256,2010,MODIS,500,3345.201960784314
Tianjin,9413.674509803917,2010,MODIS,500,2353.4186274509793
Hebei,40256.454901960795,2010,MODIS,500,10064.113725490199
Anhui,15541.607843137255,2010,MODIS,500,3885.401960784314
Jiangsu,43274.83137254901,2010,MODIS,500,10818.707843137252
Shandong,46250.015686274506,2011,MODIS,500,11562.503921568627
Henan,35829.93725490195,2011,MODIS,500,8957.484313725488
Beijing,13472.850980392157,2011,MODIS,500,3368.2127450980392
Tianjin,9508.76078431372,2011,MODIS,500,2377.19019607843
Hebei,40681.29019607844,2011,MODIS,500,10170.32254901961
Anhui,15922.807843137258,2011,MODIS,500,3980.7019607843145
Jiangsu,44035.45490196077,2011,MODIS,500,11008.863725490193
Shandong,46668.38431372549,2012,MODIS,500,11667.096078431372
Henan,36032.93725490195,2012,MODIS,500,9008.234313725488
Beijing,13582.95294117647,2012,MODIS,500,3395.7382352941177
Tianjin,9628.478431372543,2012,MODIS,500,2407.119607843136
Hebei,41084.05490196079,2012,MODIS,500,10271.013725490198
Anhui,16254.411764705883,2012,MODIS,500,4063.6029411764707
Jiangsu,44592.98039215685,2012,MODIS,500,11148.245098039213
Shandong,47124.90980392157,2013,MODIS,500,11781.227450980392
Henan,36314.93725490195,2013,MODIS,500,9078.734313725488
Beijing,13744.764705882351,2013,MODIS,500,3436.191176470588
Tianjin,9773.09803921568,2013,MODIS,500,2443.27450980392
Hebei,41597.23529411766,2013,MODIS,500,10399.308823529414
Anhui,16575.18431372549,2013,MODIS,500,4143.796078431373
Jiangsu,45310.721568627436,2013,MODIS,500,11327.68039215686
Shandong,47611.25098039216,2014,MODIS,500,11902.81274509804
Henan,36658.93725490195,2014,MODIS,500,9164.734313725488
Beijing,13882.639215686273,2014,MODIS,500,3470.6598039215683
Tianjin,9916.568627450974,2014,MODIS,500,2479.1421568627434
Hebei,42093.17254901961,2014,MODIS,500,10523.293137254903
Anhui,16927.901960784315,2014,MODIS,500,4231.975490196079
Jiangsu,46407.39215686273,2014,MODIS,500,11601.848039215682
Shandong,48000.50588235294,2015,MODIS,500,12000.126470588235
Henan,36926.62745098039,2015,MODIS,500,9231.656862745098
Beijing,13979.658823529413,2015,MODIS,500,3494.9147058823532
Tianjin,10013.454901960777,2015,MODIS,500,2503.363725490194
Hebei,42505.584313725485,2015,MODIS,500,10626.396078431371
Anhui,17206.90196078432,2015,MODIS,500,4301.72549019608
Jiangsu,47031.07058823528,2015,MODIS,500,11757.767647058818
Shandong,48450.776470588244,2016,MODIS,500,12112.694117647061
Henan,37186.62745098039,2016,MODIS,500,9296.656862745098
Beijing,14055.890196078431,2016,MODIS,500,3513.972549019608
Tianjin,10084.454901960777,2016,MODIS,500,2521.113725490194
Hebei,43016.458823529414,2016,MODIS,500,10754.114705882354
Anhui,17499.047058823533,2016,MODIS,500,4374.761764705883
Jiangsu,47524.00784313724,2016,MODIS,500,11881.00196078431
Shandong,49509.04313725491,2017,MODIS,500,12377.260784313727
Henan,37688.47843137255,2017,MODIS,500,9422.119607843137
Beijing,14208.8,2017,MODIS,500,3552.2
Tianjin,10163.364705882346,2017,MODIS,500,2540.8411764705866
Hebei,43583.552941176466,2017,MODIS,500,10895.888235294116
Anhui,17905.066666666666,2017,MODIS,500,4476.266666666666
Jiangsu,48590.27843137253,2017,MODIS,500,12147.569607843132
Shandong,50567.450980392154,2018,MODIS,500,12641.862745098038
Henan,38183.635294117645,2018,MODIS,500,9545.908823529411
Beijing,14307.635294117646,2018,MODIS,500,3576.9088235294116
Tianjin,10290.364705882346,2018,MODIS,500,2572.5911764705866
Hebei,44166.97647058824,2018,MODIS,500,11041.744117647058
Anhui,18199.77254901961,2018,MODIS,500,4549.9431372549025
Jiangsu,49262.709803921556,2018,MODIS,500,12315.677450980389
Shandong,51631.85098039216,2019,MODIS,500,12907.96274509804
Henan,38788.63529411764,2019,MODIS,500,9697.15882352941
Beijing,14444.023529411765,2019,MODIS,500,3611.005882352941
Tianjin,10418.364705882348,2019,MODIS,500,2604.591176470587
Hebei,44750.57254901961,2019,MODIS,500,11187.643137254903
Anhui,18553.0431372549,2019,MODIS,500,4638.260784313725
Jiangsu,50225.96862745097,2019,MODIS,500,12556.492156862743
Shandong,32649.537254901963,1992,ESACCI,300,2938.458352941177
Henan,18517.980392156864,1992,ESACCI,300,1666.6182352941175
Beijing,21393.60392156863,1992,ESACCI,300,1925.4243529411767
Tianjin,8559.019607843138,1992,ESACCI,300,770.3117647058825
Hebei,39511.65882352941,1992,ESACCI,300,3556.049294117647
Anhui,10074.113725490197,1992,ESACCI,300,906.6702352941178
Jiangsu,19444.290196078433,1992,ESACCI,300,1749.986117647059
Shandong,34012.73333333333,1993,ESACCI,300,3061.1459999999997
Henan,19155.980392156864,1993,ESACCI,300,1724.0382352941176
Beijing,21894.60392156863,1993,ESACCI,300,1970.5143529411766
Tianjin,8844.545098039216,1993,ESACCI,300,796.0090588235295
Hebei,40805.807843137256,1993,ESACCI,300,3672.522705882353
Anhui,10410.113725490197,1993,ESACCI,300,936.9102352941178
Jiangsu,20368.282352941176,1993,ESACCI,300,1833.1454117647058
Shandong,35127.48235294117,1994,ESACCI,300,3161.4734117647054
Henan,19793.980392156864,1994,ESACCI,300,1781.4582352941177
Beijing,22305.60392156863,1994,ESACCI,300,2007.5043529411766
Tianjin,9086.211764705882,1994,ESACCI,300,817.7590588235295
Hebei,42191.901960784315,1994,ESACCI,300,3797.271176470588
Anhui,10779.113725490197,1994,ESACCI,300,970.1202352941178
Jiangsu,21087.28235294118,1994,ESACCI,300,1897.855411764706
Shandong,36209.0431372549,1995,ESACCI,300,3258.813882352941
Henan,20303.980392156864,1995,ESACCI,300,1827.3582352941175
Beijing,22690.454901960784,1995,ESACCI,300,2042.1409411764705
Tianjin,9313.345098039215,1995,ESACCI,300,838.2010588235295
Hebei,43862.05098039216,1995,ESACCI,300,3947.5845882352946
Anhui,11045.113725490197,1995,ESACCI,300,994.0602352941178
Jiangsu,21819.580392156866,1995,ESACCI,300,1963.762235294118
Shandong,37337.36078431372,1996,ESACCI,300,3360.362470588235
Henan,20833.980392156864,1996,ESACCI,300,1875.0582352941176
Beijing,23048.454901960784,1996,ESACCI,300,2074.3609411764705
Tianjin,9502.372549019608,1996,ESACCI,300,855.2135294117647
Hebei,45508.02352941176,1996,ESACCI,300,4095.7221176470584
Anhui,11310.113725490197,1996,ESACCI,300,1017.9102352941178
Jiangsu,22656.12549019608,1996,ESACCI,300,2039.051294117647
Shandong,38458.67058823528,1997,ESACCI,300,3461.2803529411754
Henan,21238.03529411765,1997,ESACCI,300,1911.4231764705887
Beijing,23308.454901960784,1997,ESACCI,300,2097.76094117647
Tianjin,9672.372549019608,1997,ESACCI,300,870.5135294117647
Hebei,47307.00392156863,1997,ESACCI,300,4257.630352941177
Anhui,11544.113725490195,1997,ESACCI,300,1038.9702352941174
Jiangsu,23585.949019607844,1997,ESACCI,300,2122.735411764706
Shandong,39506.760784313716,1998,ESACCI,300,3555.6084705882345
Henan,21677.03529411765,1998,ESACCI,300,1950.9331764705887
Beijing,23476.725490196077,1998,ESACCI,300,2112.905294117647
Tianjin,9811.549019607843,1998,ESACCI,300,883.0394117647057
Hebei,48992.882352941175,1998,ESACCI,300,4409.359411764705
Anhui,11855.882352941177,1998,ESACCI,300,1067.0294117647059
Jiangsu,24563.7568627451,1998,ESACCI,300,2210.738117647059
Shandong,40490.501960784306,1999,ESACCI,300,3644.145176470588
Henan,22163.03529411765,1999,ESACCI,300,1994.6731764705887
Beijing,23664.87058823529,1999,ESACCI,300,2129.8383529411763
Tianjin,9967.254901960785,1999,ESACCI,300,897.0529411764707
Hebei,50625.05098039215,1999,ESACCI,300,4556.254588235294
Anhui,12104.517647058823,1999,ESACCI,300,1089.4065882352943
Jiangsu,25366.917647058828,1999,ESACCI,300,2283.0225882352943
Shandong,41630.25490196078,2000,ESACCI,300,3746.7229411764706
Henan,22644.035294117646,2000,ESACCI,300,2037.963176470588
Beijing,23850.07450980392,2000,ESACCI,300,2146.506705882353
Tianjin,10122.254901960783,2000,ESACCI,300,911.0029411764705
Hebei,52234.74901960784,2000,ESACCI,300,4701.127411764705
Anhui,12411.78431372549,2000,ESACCI,300,1117.0605882352943
Jiangsu,26190.427450980394,2000,ESACCI,300,2357.138470588235
Shandong,48593.674509803925,2001,ESACCI,300,4373.430705882353
Henan,28206.63529411765,2001,ESACCI,300,2538.5971764705882
Beijing,26753.07450980392,2001,ESACCI,300,2407.776705882353
Tianjin,11323.972549019609,2001,ESACCI,300,1019.1575294117647
Hebei,58152.79215686276,2001,ESACCI,300,5233.751294117648
Anhui,13843.64705882353,2001,ESACCI,300,1245.9282352941175
Jiangsu,28326.282352941176,2001,ESACCI,300,2549.365411764706
Shandong,55273.92549019608,2002,ESACCI,300,4974.653294117647
Henan,33509.36078431373,2002,ESACCI,300,3015.8424705882353
Beijing,29288.47058823529,2002,ESACCI,300,2635.962352941176
Tianjin,12451.027450980393,2002,ESACCI,300,1120.5924705882355
Hebei,65631.99215686275,2002,ESACCI,300,5906.879294117646
Anhui,15628.792156862746,2002,ESACCI,300,1406.5912941176473
Jiangsu,30489.137254901958,2002,ESACCI,300,2744.022352941176
Shandong,62704.87843137254,2003,ESACCI,300,5643.439058823529
Henan,39911.47450980392,2003,ESACCI,300,3592.0327058823527
Beijing,31475.6156862745,2003,ESACCI,300,2832.8054117647052
Tianjin,13715.533333333333,2003,ESACCI,300,1234.398
Hebei,74645.71764705882,2003,ESACCI,300,6718.114588235294
Anhui,17376.501960784313,2003,ESACCI,300,1563.8851764705885
Jiangsu,33560.662745098045,2003,ESACCI,300,3020.459647058824
Shandong,70813.5294117647,2004,ESACCI,300,6373.217647058823
Henan,49443.70980392157,2004,ESACCI,300,4449.9338823529415
Beijing,32873.133333333324,2004,ESACCI,300,2958.5819999999994
Tianjin,15309.890196078431,2004,ESACCI,300,1377.890117647059
Hebei,86887.23137254902,2004,ESACCI,300,7819.850823529412
Anhui,19142.4431372549,2004,ESACCI,300,1722.819882352941
Jiangsu,36676.83529411765,2004,ESACCI,300,3300.9151764705884
Shandong,80504.25490196077,2005,ESACCI,300,7245.382941176468
Henan,55493.53333333333,2005,ESACCI,300,4994.418
Beijing,34266.41176470588,2005,ESACCI,300,3083.977058823529
Tianjin,16613.6431372549,2005,ESACCI,300,1495.227882352941
Hebei,94459.73725490196,2005,ESACCI,300,8501.376352941175
Anhui,21406.305882352943,2005,ESACCI,300,1926.5675294117646
Jiangsu,41081.909803921575,2005,ESACCI,300,3697.3718823529416
Shandong,89989.20392156861,2006,ESACCI,300,8099.0283529411745
Henan,62741.03137254902,2006,ESACCI,300,5646.692823529412
Beijing,35771.75686274509,2006,ESACCI,300,3219.4581176470574
Tianjin,17919.9568627451,2006,ESACCI,300,1612.7961176470592
Hebei,103498.20784313725,2006,ESACCI,300,9314.838705882354
Anhui,24345.64705882353,2006,ESACCI,300,2191.108235294118
Jiangsu,47548.509803921566,2006,ESACCI,300,4279.36588235294
Shandong,100271.69411764701,2007,ESACCI,300,9024.45247058823
Henan,69752.56470588235,2007,ESACCI,300,6277.730823529412
Beijing,36966.600000000006,2007,ESACCI,300,3326.9940000000006
Tianjin,19133.537254901963,2007,ESACCI,300,1722.0183529411765
Hebei,111666.3607843137,2007,ESACCI,300,10049.972470588233
Anhui,27093.945098039214,2007,ESACCI,300,2438.4550588235293
Jiangsu,53982.725490196084,2007,ESACCI,300,4858.445294117648
Shandong,110878.25098039216,2008,ESACCI,300,9979.042588235294
Henan,77802.10196078432,2008,ESACCI,300,7002.189176470589
Beijing,37927.87450980392,2008,ESACCI,300,3413.508705882353
Tianjin,20392.666666666664,2008,ESACCI,300,1835.3399999999997
Hebei,120246.90196078431,2008,ESACCI,300,10822.221176470586
Anhui,30220.96862745098,2008,ESACCI,300,2719.887176470588
Jiangsu,61003.32156862745,2008,ESACCI,300,5490.298941176469
Shandong,120829.6901960784,2009,ESACCI,300,10874.672117647056
Henan,84134.65490196078,2009,ESACCI,300,7572.11894117647
Beijing,38694.96078431373,2009,ESACCI,300,3482.546470588235
Tianjin,21441.78039215686,2009,ESACCI,300,1929.7602352941171
Hebei,127307.07450980393,2009,ESACCI,300,11457.636705882354
Anhui,32962.15294117647,2009,ESACCI,300,2966.5937647058818
Jiangsu,68422.87450980392,2009,ESACCI,300,6158.058705882354
Shandong,130770.06274509802,2010,ESACCI,300,11769.305647058822
Henan,89683.76862745099,2010,ESACCI,300,8071.539176470589
Beijing,39466.96078431373,2010,ESACCI,300,3552.026470588235
Tianjin,22508.07450980392,2010,ESACCI,300,2025.7267058823527
Hebei,134281.52549019607,2010,ESACCI,300,12085.337294117646
Anhui,35769.63137254902,2010,ESACCI,300,3219.266823529412
Jiangsu,76995.04313725489,2010,ESACCI,300,6929.55388235294
Shandong,140575.2039215686,2011,ESACCI,300,12651.768352941175
Henan,94859.07058823529,2011,ESACCI,300,8537.316352941176
Beijing,40056.65098039216,2011,ESACCI,300,3605.0985882352943
Tianjin,23375.65882352941,2011,ESACCI,300,2103.809294117647
Hebei,140795.87450980395,2011,ESACCI,300,12671.628705882356
Anhui,38202.00392156863,2011,ESACCI,300,3438.180352941177
Jiangsu,84959.24313725489,2011,ESACCI,300,7646.33188235294
Shandong,150889.5137254902,2012,ESACCI,300,13580.056235294116
Henan,99894.83137254902,2012,ESACCI,300,8990.534823529411
Beijing,40668.94901960784,2012,ESACCI,300,3660.2054117647053
Tianjin,24323.30196078431,2012,ESACCI,300,2189.097176470588
Hebei,147737.90196078434,2012,ESACCI,300,13296.41117647059
Anhui,40841.18039215686,2012,ESACCI,300,3675.7062352941175
Jiangsu,93369.31372549021,2012,ESACCI,300,8403.238235294119
Shandong,164350.62745098036,2013,ESACCI,300,14791.556470588233
Henan,106355.05882352943,2013,ESACCI,300,9571.955294117648
Beijing,41207.250980392164,2013,ESACCI,300,3708.652588235295
Tianjin,25502.705882352933,2013,ESACCI,300,2295.243529411764
Hebei,156645.50980392157,2013,ESACCI,300,14098.095882352938
Anhui,43693.12156862745,2013,ESACCI,300,3932.380941176471
Jiangsu,104988.85882352942,2013,ESACCI,300,9448.997294117646
Shandong,179471.83921568625,2014,ESACCI,300,16152.465529411764
Henan,113472.12549019608,2014,ESACCI,300,10212.491294117646
Beijing,41872.560784313726,2014,ESACCI,300,3768.5304705882354
Tianjin,26466.847058823525,2014,ESACCI,300,2382.0162352941175
Hebei,166237.61568627448,2014,ESACCI,300,14961.385411764704
Anhui,46572.376470588235,2014,ESACCI,300,4191.513882352941
Jiangsu,113325.37254901964,2014,ESACCI,300,10199.283529411767
Shandong,188784.38431372552,2015,ESACCI,300,16990.594588235297
Henan,117922.76078431372,2015,ESACCI,300,10613.048470588235
Beijing,42374.99215686275,2015,ESACCI,300,3813.7492941176474
Tianjin,27194.28235294117,2015,ESACCI,300,2447.485411764705
Hebei,172273.34901960785,2015,ESACCI,300,15504.601411764708
Anhui,48107.19215686275,2015,ESACCI,300,4329.647294117648
Jiangsu,117450.6352941177,2015,ESACCI,300,10570.557176470593
Shandong,1348.6274509803923,1992,Global Urban He,1000,1348.6274509803923
Henan,763.7058823529412,1992,Global Urban He,1000,763.7058823529412
Beijing,1051.0,1992,Global Urban He,1000,1051.0
Tianjin,589.3764705882353,1992,Global Urban He,1000,589.3764705882353
Hebei,851.7176470588236,1992,Global Urban He,1000,851.7176470588236
Anhui,329.98039215686276,1992,Global Urban He,1000,329.98039215686276
Jiangsu,962.0196078431372,1992,Global Urban He,1000,962.0196078431372
Shandong,2839.635294117646,1996,Global Urban He,1000,2839.635294117646
Henan,2112.8901960784315,1996,Global Urban He,1000,2112.8901960784315
Beijing,1303.0,1996,Global Urban He,1000,1303.0
Tianjin,1099.4588235294118,1996,Global Urban He,1000,1099.4588235294118
Hebei,2013.5490196078429,1996,Global Urban He,1000,2013.5490196078429
Anhui,837.1686274509804,1996,Global Urban He,1000,837.1686274509804
Jiangsu,2042.956862745098,1996,Global Urban He,1000,2042.956862745098
Shandong,4212.027450980391,2000,Global Urban He,1000,4212.027450980391
Henan,2668.964705882353,2000,Global Urban He,1000,2668.964705882353
Beijing,1603.2392156862747,2000,Global Urban He,1000,1603.2392156862747
Tianjin,1380.5450980392156,2000,Global Urban He,1000,1380.5450980392156
Hebei,3035.8235294117644,2000,Global Urban He,1000,3035.8235294117644
Anhui,1376.1686274509805,2000,Global Urban He,1000,1376.1686274509805
Jiangsu,3052.0235294117647,2000,Global Urban He,1000,3052.0235294117647
Shandong,6652.996078431374,2006,Global Urban He,1000,6652.996078431374
Henan,3714.964705882353,2006,Global Urban He,1000,3714.964705882353
Beijing,1962.058823529412,2006,Global Urban He,1000,1962.058823529412
Tianjin,1577.945098039216,2006,Global Urban He,1000,1577.945098039216
Hebei,3701.7921568627453,2006,Global Urban He,1000,3701.7921568627453
Anhui,1960.772549019608,2006,Global Urban He,1000,1960.772549019608
Jiangsu,5586.839215686276,2006,Global Urban He,1000,5586.839215686276
Shandong,7712.741176470589,2010,Global Urban He,1000,7712.741176470589
Henan,4453.964705882353,2010,Global Urban He,1000,4453.964705882353
Beijing,2421.090196078431,2010,Global Urban He,1000,2421.090196078431
Tianjin,2031.9960784313728,2010,Global Urban He,1000,2031.996078431373
Hebei,4717.505882352942,2010,Global Urban He,1000,4717.505882352942
Anhui,2796.4313725490197,2010,Global Urban He,1000,2796.4313725490197
Jiangsu,8251.231372549018,2010,Global Urban He,1000,8251.231372549018
Shandong,8090.854901960785,2016,Global Urban He,1000,8090.854901960785
Henan,5033.964705882353,2016,Global Urban He,1000,5033.964705882353
Beijing,2519.6980392156856,2016,Global Urban He,1000,2519.6980392156856
Tianjin,2005.164705882353,2016,Global Urban He,1000,2005.164705882353
Hebei,4955.2588235294115,2016,Global Urban He,1000,4955.2588235294115
Anhui,3581.431372549019,2016,Global Urban He,1000,3581.431372549019
Jiangsu,9547.282352941174,2016,Global Urban He,1000,9547.282352941174
