index,feature_idx,cv_scores,avg_score,feature_names,ci_bound,std_dev,std_err,year
1,"(13,)",[0.74329759 0.74312542 0.74983233 0.74782025],0.7460188971181873,"('EVI_sin_2',)",0.004643452752804899,0.002896760348456692,0.0016724453669593052,Landsat_1990_1992
2,"(6, 13)",[0.80563003 0.79208585 0.78672032 0.80549966],0.797483965454928,"('B7', 'EVI_sin_2')",0.013305841931445201,0.008300684288552367,0.004792402308453806,Landsat_1990_1992
3,"(6, 13, 41)",[0.87131367 0.88262911 0.86988598 0.87189805],0.8739317046155396,"('B7', 'EVI_sin_2', 'temp')",0.008134341071445773,0.005074507684471077,0.0029297683776342005,Landsat_1990_1992
4,"(6, 13, 22, 41)",[0.89879357 0.91549296 0.89872569 0.90610329],0.9047788743182958,"('B7', 'EVI_sin_2', 'NDBI_cos_3', 'temp')",0.011018985114646496,0.006874057056155346,0.0039687386917961354,Landsat_1990_1992
5,"(6, 7, 13, 22, 41)",[0.92158177 0.92890677 0.92085848 0.92488263],0.9240574141902353,"('B7', 'DEM', 'EVI_sin_2', 'NDBI_cos_3', 'temp')",0.0051043843833422356,0.003184306823411887,0.0018384604016792152,Landsat_1990_1992
6,"(6, 7, 13, 16, 22, 41)",[0.9383378  0.93762575 0.92890677 0.93561368],0.9351210030513735,"('B7', 'DEM', 'EVI_sin_2', 'Mean_EVI', 'NDBI_cos_3', 'temp')",0.005969946055871929,0.0037242767263280544,0.0021502121704821604,Landsat_1990_1992
7,"(6, 7, 13, 16, 17, 22, 41)",[0.94369973 0.94433266 0.93091885 0.93762575],0.9391442488712436,"('B7', 'DEM', 'EVI_sin_2', 'Mean_EVI', 'Mean_NDBI', 'NDBI_cos_3', 'temp')",0.008692946235385655,0.005422986580561224,0.0031309627620987506,Landsat_1990_1992
8,"(6, 7, 13, 16, 17, 22, 37, 41)",[0.95107239 0.94567404 0.93695506 0.94366197],0.944340866467797,"('B7', 'DEM', 'EVI_sin_2', 'Mean_EVI', 'Mean_NDBI', 'NDBI_cos_3', 'prec', 'temp')",0.008098693314711204,0.005052269274021492,0.0029169290253747834,Landsat_1990_1992
9,"(6, 7, 13, 16, 17, 22, 35, 37, 41)",[0.95107239 0.9490275  0.94030852 0.94634474],0.9466882843081725,"('B7', 'DEM', 'EVI_sin_2', 'Mean_EVI', 'Mean_NDBI', 'NDBI_cos_3', 'SLOPE', 'prec', 'temp')",0.006487210058395955,0.0040469654521453876,0.002336516593197255,Landsat_1990_1992
10,"(6, 7, 13, 16, 17, 22, 32, 35, 37, 41)",[0.95241287 0.95036888 0.93963783 0.94634474],0.9471910776544883,"('B7', 'DEM', 'EVI_sin_2', 'Mean_EVI', 'Mean_NDBI', 'NDBI_cos_3', 'NDVI_sin_2', 'SLOPE', 'prec', 'temp')",0.007817448403396859,0.004876818127930151,0.0028156322589493192,Landsat_1990_1992
11,"(6, 7, 13, 16, 17, 18, 22, 32, 35, 37, 41)",[0.94839142 0.95439302 0.94097921 0.94567404],0.947359424644381,"('B7', 'DEM', 'EVI_sin_2', 'Mean_EVI', 'Mean_NDBI', 'Mean_NDVI', 'NDBI_cos_3', 'NDVI_sin_2', 'SLOPE', 'prec', 'temp')",0.007774220301800376,0.004849850813453202,0.002800062672676731,Landsat_1990_1992
12,"(6, 7, 13, 16, 17, 18, 22, 32, 33, 35, 37, 41)",[0.95241287 0.9564051  0.9416499  0.94567404],0.9490354773862117,"('B7', 'DEM', 'EVI_sin_2', 'Mean_EVI', 'Mean_NDBI', 'Mean_NDVI', 'NDBI_cos_3', 'NDVI_sin_2', 'NDVI_sin_3', 'SLOPE', 'prec', 'temp')",0.009193208446472062,0.00573506894987811,0.003311143602033191,Landsat_1990_1992
13,"(6, 7, 13, 16, 17, 18, 22, 32, 33, 35, 36, 37, 41)",[0.95375335 0.95439302 0.94366197 0.94835681],0.9500412888411793,"('B7', 'DEM', 'EVI_sin_2', 'Mean_EVI', 'Mean_NDBI', 'Mean_NDVI', 'NDBI_cos_3', 'NDVI_sin_2', 'NDVI_sin_3', 'SLOPE', 'lrad', 'prec', 'temp')",0.006998724417016166,0.004366067333998764,0.002520750150584218,Landsat_1990_1992
14,"(6, 7, 13, 16, 17, 18, 22, 27, 32, 33, 35, 36, 37, 41)",[0.95442359 0.95103957 0.94030852 0.94634474],0.9480291040254034,"('B7', 'DEM', 'EVI_sin_2', 'Mean_EVI', 'Mean_NDBI', 'Mean_NDVI', 'NDBI_cos_3', 'NDVI_constant', 'NDVI_sin_2', 'NDVI_sin_3', 'SLOPE', 'lrad', 'prec', 'temp')",0.008497197621893153,0.005300871238375834,0.003060459436415833,Landsat_1990_1992
15,"(6, 7, 13, 16, 17, 18, 21, 22, 27, 32, 33, 35, 36, 37, 41)",[0.95241287 0.95506372 0.93829645 0.94500335],0.9476940957631401,"('B7', 'DEM', 'EVI_sin_2', 'Mean_EVI', 'Mean_NDBI', 'Mean_NDVI', 'NDBI_cos_2', 'NDBI_cos_3', 'NDVI_constant', 'NDVI_sin_2', 'NDVI_sin_3', 'SLOPE', 'lrad', 'prec', 'temp')",0.010515546582684459,0.006559993178496214,0.003787413827486898,Landsat_1990_1992
16,"(6, 7, 13, 16, 17, 18, 21, 22, 24, 27, 32, 33, 35, 36, 37, 41)",[0.95308311 0.94969819 0.9416499  0.94768612],0.9480293287877398,"('B7', 'DEM', 'EVI_sin_2', 'Mean_EVI', 'Mean_NDBI', 'Mean_NDVI', 'NDBI_cos_2', 'NDBI_cos_3', 'NDBI_sin_2', 'NDVI_constant', 'NDVI_sin_2', 'NDVI_sin_3', 'SLOPE', 'lrad', 'prec', 'temp')",0.006664466564353125,0.004157544722635982,0.002400359564781792,Landsat_1990_1992
17,"(6, 7, 13, 16, 17, 18, 21, 22, 24, 25, 27, 32, 33, 35, 36, 37, 41)",[0.95174263 0.95305164 0.94366197 0.94634474],0.9487002443616119,"('B7', 'DEM', 'EVI_sin_2', 'Mean_EVI', 'Mean_NDBI', 'Mean_NDVI', 'NDBI_cos_2', 'NDBI_cos_3', 'NDBI_sin_2', 'NDBI_sin_3', 'NDVI_constant', 'NDVI_sin_2', 'NDVI_sin_3', 'SLOPE', 'lrad', 'prec', 'temp')",0.006162800307240187,0.0038445864566375556,0.0022196730256624823,Landsat_1990_1992
18,"(6, 7, 13, 16, 17, 18, 21, 22, 24, 25, 27, 32, 33, 35, 36, 37, 39, 41)",[0.95308311 0.95171026 0.94232059 0.95171026],0.9497060558165796,"('B7', 'DEM', 'EVI_sin_2', 'Mean_EVI', 'Mean_NDBI', 'Mean_NDVI', 'NDBI_cos_2', 'NDBI_cos_3', 'NDBI_sin_2', 'NDBI_sin_3', 'NDVI_constant', 'NDVI_sin_2', 'NDVI_sin_3', 'SLOPE', 'lrad', 'prec', 'shum', 'temp')",0.006893904347223776,0.004300676634865743,0.002482996812837271,Landsat_1990_1992
19,"(6, 7, 13, 16, 17, 18, 21, 22, 24, 25, 27, 29, 32, 33, 35, 36, 37, 39, 41)",[0.95576408 0.95372233 0.94634474 0.94969819],0.9513823333207467,"('B7', 'DEM', 'EVI_sin_2', 'Mean_EVI', 'Mean_NDBI', 'Mean_NDVI', 'NDBI_cos_2', 'NDBI_cos_3', 'NDBI_sin_2', 'NDBI_sin_3', 'NDVI_constant', 'NDVI_cos_2', 'NDVI_sin_2', 'NDVI_sin_3', 'SLOPE', 'lrad', 'prec', 'shum', 'temp')",0.005828826826582863,0.0036362412472198844,0.0020993848629208204,Landsat_1990_1992
20,"(6, 7, 13, 16, 17, 18, 21, 22, 24, 25, 27, 29, 32, 33, 35, 36, 37, 38, 39, 41)",[0.95509383 0.95372233 0.94097921 0.95171026],0.950376409484611,"('B7', 'DEM', 'EVI_sin_2', 'Mean_EVI', 'Mean_NDBI', 'Mean_NDVI', 'NDBI_cos_2', 'NDBI_cos_3', 'NDBI_sin_2', 'NDBI_sin_3', 'NDVI_constant', 'NDVI_cos_2', 'NDVI_sin_2', 'NDVI_sin_3', 'SLOPE', 'lrad', 'prec', 'pres', 'shum', 'temp')",0.00890830279386697,0.005557334095782938,0.0032085283361769647,Landsat_1990_1992
1,"(13,)",[0.73466667 0.74066667 0.76784523 0.73849233],0.7454177229263954,"('EVI_sin_2',)",0.021039884375833432,0.01312547064449232,0.007577994009838172,Landsat_1993_1995
2,"(7, 13)",[0.808      0.81133333 0.81987992 0.80787191],0.8117712919724261,"('DEM', 'EVI_sin_2')",0.007827139781648493,0.004882863973927887,0.002819122829763592,Landsat_1993_1995
3,"(7, 11, 13)",[0.87       0.874      0.87458306 0.89326217],0.8779613075383589,"('DEM', 'EVI_cos_3', 'EVI_sin_2')",0.014440261838119549,0.009008378062795934,0.005200989499517153,Landsat_1993_1995
4,"(6, 7, 11, 13)",[0.89733333 0.89933333 0.89659773 0.90927285],0.9006343117633979,"('B7', 'DEM', 'EVI_cos_3', 'EVI_sin_2')",0.00815424876493358,0.0050869268518869346,0.002936938587284857,Landsat_1993_1995
5,"(6, 7, 11, 13, 39)",[0.92066667 0.926      0.91594396 0.92795197],0.9226406493217701,"('B7', 'DEM', 'EVI_cos_3', 'EVI_sin_2', 'shum')",0.007528790637362563,0.0046967425644570135,0.0027116655839036297,Landsat_1993_1995
6,"(6, 7, 11, 13, 16, 39)",[0.932      0.93533333 0.9239493  0.93462308],0.9314764287302646,"('B7', 'DEM', 'EVI_cos_3', 'EVI_sin_2', 'Mean_EVI', 'shum')",0.0072449144122252885,0.004519649905906649,0.0026094210898180707,Landsat_1993_1995
7,"(6, 7, 11, 13, 16, 36, 39)",[0.93266667 0.93866667 0.9299533  0.94329553],0.9361455414720925,"('B7', 'DEM', 'EVI_cos_3', 'EVI_sin_2', 'Mean_EVI', 'lrad', 'shum')",0.008326435367157936,0.005194343325879851,0.0029989555174600676,Landsat_1993_1995
8,"(6, 7, 11, 13, 16, 32, 36, 39)",[0.93666667 0.93866667 0.93328886 0.94329553],0.9379794307315988,"('B7', 'DEM', 'EVI_cos_3', 'EVI_sin_2', 'Mean_EVI', 'NDVI_sin_2', 'lrad', 'shum')",0.005805029225137438,0.0036213954090203145,0.0020908136142399536,Landsat_1993_1995
9,"(6, 7, 11, 13, 16, 28, 32, 36, 39)",[0.93866667 0.94266667 0.92661775 0.94329553],0.9378116522125861,"('B7', 'DEM', 'EVI_cos_3', 'EVI_sin_2', 'Mean_EVI', 'NDVI_cos_1', 'NDVI_sin_2', 'lrad', 'shum')",0.01074352389064482,0.006702213991585906,0.0038695250522085985,Landsat_1993_1995
10,"(6, 7, 11, 13, 16, 28, 32, 35, 36, 39)",[0.94066667 0.94266667 0.93262175 0.94796531],0.9409800978430064,"('B7', 'DEM', 'EVI_cos_3', 'EVI_sin_2', 'Mean_EVI', 'NDVI_cos_1', 'NDVI_sin_2', 'SLOPE', 'lrad', 'shum')",0.008838154983954143,0.005513573255497912,0.003183263003258441,Landsat_1993_1995
11,"(6, 7, 11, 13, 16, 28, 32, 33, 35, 36, 39)",[0.944      0.946      0.93462308 0.94863242],0.9433138759172781,"('B7', 'DEM', 'EVI_cos_3', 'EVI_sin_2', 'Mean_EVI', 'NDVI_cos_1', 'NDVI_sin_2', 'NDVI_sin_3', 'SLOPE', 'lrad', 'shum')",0.008463333645949662,0.005279745617426005,0.003048262553473651,Landsat_1993_1995
12,"(6, 7, 11, 13, 16, 22, 28, 32, 33, 35, 36, 39)",[0.94       0.946      0.93729153 0.94929953],0.9431477651767846,"('B7', 'DEM', 'EVI_cos_3', 'EVI_sin_2', 'Mean_EVI', 'NDBI_cos_3', 'NDVI_cos_1', 'NDVI_sin_2', 'NDVI_sin_3', 'SLOPE', 'lrad', 'shum')",0.00761135280435981,0.004748247947277117,0.0027414022305395315,Landsat_1993_1995
13,"(6, 7, 11, 13, 16, 17, 22, 28, 32, 33, 35, 36, 39)",[0.94533333 0.94133333 0.93929286 0.94863242],0.9436479875472538,"('B7', 'DEM', 'EVI_cos_3', 'EVI_sin_2', 'Mean_EVI', 'Mean_NDBI', 'NDBI_cos_3', 'NDVI_cos_1', 'NDVI_sin_2', 'NDVI_sin_3', 'SLOPE', 'lrad', 'shum')",0.0057801713479854805,0.0036058881309852147,0.00208186048309199,Landsat_1993_1995
14,"(4, 6, 7, 11, 13, 16, 17, 22, 28, 32, 33, 35, 36, 39)",[0.94466667 0.94733333 0.93462308 0.94863242],0.9438138759172782,"('B5', 'B7', 'DEM', 'EVI_cos_3', 'EVI_sin_2', 'Mean_EVI', 'Mean_NDBI', 'NDBI_cos_3', 'NDVI_cos_1', 'NDVI_sin_2', 'NDVI_sin_3', 'SLOPE', 'lrad', 'shum')",0.008809214010684614,0.0054955187886440654,0.0031728392519602975,Landsat_1993_1995
15,"(4, 6, 7, 8, 11, 13, 16, 17, 22, 28, 32, 33, 35, 36, 39)",[0.946      0.94733333 0.93995997 0.94663109],0.9449810985101179,"('B5', 'B7', 'DEM', 'EVI_constant', 'EVI_cos_3', 'EVI_sin_2', 'Mean_EVI', 'Mean_NDBI', 'NDBI_cos_3', 'NDVI_cos_1', 'NDVI_sin_2', 'NDVI_sin_3', 'SLOPE', 'lrad', 'shum')",0.004708055388851347,0.00293706190087199,0.0016957134790950375,Landsat_1993_1995
16,"(4, 6, 7, 8, 10, 11, 13, 16, 17, 22, 28, 32, 33, 35, 36, 39)",[0.94333333 0.946      0.93662442 0.95063376],0.944147876362019,"('B5', 'B7', 'DEM', 'EVI_constant', 'EVI_cos_2', 'EVI_cos_3', 'EVI_sin_2', 'Mean_EVI', 'Mean_NDBI', 'NDBI_cos_3', 'NDVI_cos_1', 'NDVI_sin_2', 'NDVI_sin_3', 'SLOPE', 'lrad', 'shum')",0.008124875222936114,0.0050686025324027766,0.002926359036497962,Landsat_1993_1995
17,"(3, 4, 6, 7, 8, 10, 11, 13, 16, 17, 22, 28, 32, 33, 35, 36, 39)",[0.94333333 0.948      0.94196131 0.9472982 ],0.9451482099177229,"('B4', 'B5', 'B7', 'DEM', 'EVI_constant', 'EVI_cos_2', 'EVI_cos_3', 'EVI_sin_2', 'Mean_EVI', 'Mean_NDBI', 'NDBI_cos_3', 'NDVI_cos_1', 'NDVI_sin_2', 'NDVI_sin_3', 'SLOPE', 'lrad', 'shum')",0.004102918520127378,0.002559554778472615,0.0014777596403567574,Landsat_1993_1995
18,"(3, 4, 6, 7, 8, 10, 11, 13, 16, 17, 22, 28, 32, 33, 35, 36, 37, 39)",[0.94733333 0.94533333 0.93729153 0.94929953],0.9448144318434513,"('B4', 'B5', 'B7', 'DEM', 'EVI_constant', 'EVI_cos_2', 'EVI_cos_3', 'EVI_sin_2', 'Mean_EVI', 'Mean_NDBI', 'NDBI_cos_3', 'NDVI_cos_1', 'NDVI_sin_2', 'NDVI_sin_3', 'SLOPE', 'lrad', 'prec', 'shum')",0.007316180595645282,0.004564108429618811,0.0026350892304510608,Landsat_1993_1995
19,"(3, 4, 6, 7, 8, 9, 10, 11, 13, 16, 17, 22, 28, 32, 33, 35, 36, 37, 39)",[0.948      0.95066667 0.93529019 0.95063376],0.9461476539915499,"('B4', 'B5', 'B7', 'DEM', 'EVI_constant', 'EVI_cos_1', 'EVI_cos_2', 'EVI_cos_3', 'EVI_sin_2', 'Mean_EVI', 'Mean_NDBI', 'NDBI_cos_3', 'NDVI_cos_1', 'NDVI_sin_2', 'NDVI_sin_3', 'SLOPE', 'lrad', 'prec', 'shum')",0.010196971717721562,0.006361254204296032,0.003672671827233952,Landsat_1993_1995
20,"(3, 4, 6, 7, 8, 9, 10, 11, 13, 16, 17, 22, 25, 28, 32, 33, 35, 36, 37, 39)",[0.95066667 0.95066667 0.94329553 0.9472982 ],0.9479817656215255,"('B4', 'B5', 'B7', 'DEM', 'EVI_constant', 'EVI_cos_1', 'EVI_cos_2', 'EVI_cos_3', 'EVI_sin_2', 'Mean_EVI', 'Mean_NDBI', 'NDBI_cos_3', 'NDBI_sin_3', 'NDVI_cos_1', 'NDVI_sin_2', 'NDVI_sin_3', 'SLOPE', 'lrad', 'prec', 'shum')",0.004865084765284046,0.003035022727741253,0.0017522711888580448,Landsat_1993_1995
1,"(0,)",[0.72069658 0.73141326 0.72386059 0.73592493],0.7279738421839901,"('B1',)",0.009648788683190959,0.006019277024240584,0.003475231210272231,Landsat_1996_1998
2,"(0, 32)",[0.76624246 0.78365707 0.79088472 0.77479893],0.7788957943144863,"('B1', 'NDVI_sin_2')",0.014850198416791012,0.009264111907780186,0.005348637503759707,Landsat_1996_1998
3,"(0, 7, 32)",[0.84594776 0.83924983 0.8538874  0.83914209],0.8445567698410275,"('B1', 'DEM', 'NDVI_sin_2')",0.009700282969918185,0.006051401095681472,0.003493778051566094,Landsat_1996_1998
4,"(0, 7, 11, 32)",[0.89015405 0.87943737 0.89343164 0.88672922],0.8874380711416457,"('B1', 'DEM', 'EVI_cos_3', 'NDVI_sin_2')",0.008322120383427773,0.005191651476853019,0.0029974013776998087,Landsat_1996_1998
5,"(0, 6, 7, 11, 32)",[0.89819156 0.90622907 0.91286863 0.91286863],0.907539473755093,"('B1', 'B7', 'DEM', 'EVI_cos_3', 'NDVI_sin_2')",0.00968114833898671,0.0060394641937433265,0.0034868862780188157,Landsat_1996_1998
6,"(0, 6, 7, 11, 32, 36)",[0.92163429 0.92297388 0.91756032 0.92292225],0.9212726862983467,"('B1', 'B7', 'DEM', 'EVI_cos_3', 'NDVI_sin_2', 'lrad')",0.003541784529638416,0.0022094983053367948,0.0012756544413602203,Landsat_1996_1998
7,"(0, 6, 7, 11, 17, 32, 36)",[0.92632284 0.93369056 0.92493298 0.93230563],0.9293130004363527,"('B1', 'B7', 'DEM', 'EVI_cos_3', 'Mean_NDBI', 'NDVI_sin_2', 'lrad')",0.0060108860454981435,0.003749816630560699,0.002164957641065955,Landsat_1996_1998
8,"(0, 6, 7, 11, 14, 17, 32, 36)",[0.93302076 0.93569993 0.92761394 0.93632708],0.9331654288377037,"('B1', 'B7', 'DEM', 'EVI_cos_3', 'EVI_sin_3', 'Mean_NDBI', 'NDVI_sin_2', 'lrad')",0.005509901791008089,0.0034372838234310687,0.0019845167407390733,Landsat_1996_1998
9,"(0, 6, 7, 11, 14, 17, 32, 35, 36)",[0.93503014 0.94239786 0.93431635 0.93163539],0.9358449349870441,"('B1', 'B7', 'DEM', 'EVI_cos_3', 'EVI_sin_3', 'Mean_NDBI', 'NDVI_sin_2', 'SLOPE', 'lrad')",0.006394946905630488,0.003989408229797606,0.0023032859153809563,Landsat_1996_1998
10,"(0, 6, 7, 11, 14, 16, 17, 32, 35, 36)",[0.93636973 0.94440723 0.93632708 0.93766756],0.9386928993030927,"('B1', 'B7', 'DEM', 'EVI_cos_3', 'EVI_sin_3', 'Mean_EVI', 'Mean_NDBI', 'NDVI_sin_2', 'SLOPE', 'lrad')",0.005358562248025597,0.003342872528516863,0.001930008354205816,Landsat_1996_1998
11,"(0, 3, 6, 7, 11, 14, 16, 17, 32, 35, 36)",[0.93904889 0.94507703 0.93967828 0.93900804],0.9407030620105623,"('B1', 'B4', 'B7', 'DEM', 'EVI_cos_3', 'EVI_sin_3', 'Mean_EVI', 'Mean_NDBI', 'NDVI_sin_2', 'SLOPE', 'lrad')",0.004070364674759433,0.002539246466216247,0.0014660346308087563,Landsat_1996_1998
12,"(0, 3, 6, 7, 11, 14, 16, 17, 25, 32, 35, 36)",[0.9383791  0.95043537 0.9383378  0.93431635],0.9403671557527622,"('B1', 'B4', 'B7', 'DEM', 'EVI_cos_3', 'EVI_sin_3', 'Mean_EVI', 'Mean_NDBI', 'NDBI_sin_3', 'NDVI_sin_2', 'SLOPE', 'lrad')",0.00968616225856576,0.006042592065221757,0.0034886921554588782,Landsat_1996_1998
13,"(0, 3, 6, 7, 11, 14, 16, 17, 25, 29, 32, 35, 36)",[0.94306765 0.95177495 0.9383378  0.93967828],0.9432146711463146,"('B1', 'B4', 'B7', 'DEM', 'EVI_cos_3', 'EVI_sin_3', 'Mean_EVI', 'Mean_NDBI', 'NDBI_sin_3', 'NDVI_cos_2', 'NDVI_sin_2', 'SLOPE', 'lrad')",0.008390419664683409,0.005234259135485899,0.003022000920881042,Landsat_1996_1998
14,"(0, 3, 6, 7, 11, 14, 16, 17, 25, 29, 32, 34, 35, 36)",[0.94440723 0.94842599 0.9383378  0.94235925],0.9433825681599026,"('B1', 'B4', 'B7', 'DEM', 'EVI_cos_3', 'EVI_sin_3', 'Mean_EVI', 'Mean_NDBI', 'NDBI_sin_3', 'NDVI_cos_2', 'NDVI_sin_2', 'NDVI_t', 'SLOPE', 'lrad')",0.005833997290864878,0.0036394667771676593,0.0021012471235044477,Landsat_1996_1998
15,"(0, 3, 6, 7, 11, 14, 16, 17, 25, 27, 29, 32, 34, 35, 36)",[0.94038848 0.95177495 0.9383378  0.94504021],0.9438853613556741,"('B1', 'B4', 'B7', 'DEM', 'EVI_cos_3', 'EVI_sin_3', 'Mean_EVI', 'Mean_NDBI', 'NDBI_sin_3', 'NDVI_constant', 'NDVI_cos_2', 'NDVI_sin_2', 'NDVI_t', 'SLOPE', 'lrad')",0.008274508739321158,0.005161949543805555,0.0029802529586594032,Landsat_1996_1998
16,"(0, 3, 6, 7, 10, 11, 14, 16, 17, 25, 27, 29, 32, 34, 35, 36)",[0.94239786 0.95311453 0.94504021 0.94034853],0.9452252827762803,"('B1', 'B4', 'B7', 'DEM', 'EVI_cos_2', 'EVI_cos_3', 'EVI_sin_3', 'Mean_EVI', 'Mean_NDBI', 'NDBI_sin_3', 'NDVI_constant', 'NDVI_cos_2', 'NDVI_sin_2', 'NDVI_t', 'SLOPE', 'lrad')",0.0077728746123685655,0.004849011321808745,0.002799577991949822,Landsat_1996_1998
17,"(0, 3, 6, 7, 10, 11, 14, 16, 17, 25, 27, 28, 29, 32, 34, 35, 36)",[0.94105827 0.95177495 0.94034853 0.94034853],0.9433825681599025,"('B1', 'B4', 'B7', 'DEM', 'EVI_cos_2', 'EVI_cos_3', 'EVI_sin_3', 'Mean_EVI', 'Mean_NDBI', 'NDBI_sin_3', 'NDVI_constant', 'NDVI_cos_1', 'NDVI_cos_2', 'NDVI_sin_2', 'NDVI_t', 'SLOPE', 'lrad')",0.007780870877128669,0.004853999692300689,0.0028024580289961634,Landsat_1996_1998
18,"(0, 3, 6, 7, 10, 11, 14, 16, 17, 25, 27, 28, 29, 31, 32, 34, 35, 36)",[0.93904889 0.95378433 0.94302949 0.94034853],0.9440528094467658,"('B1', 'B4', 'B7', 'DEM', 'EVI_cos_2', 'EVI_cos_3', 'EVI_sin_3', 'Mean_EVI', 'Mean_NDBI', 'NDBI_sin_3', 'NDVI_constant', 'NDVI_cos_1', 'NDVI_cos_2', 'NDVI_sin_1', 'NDVI_sin_2', 'NDVI_t', 'SLOPE', 'lrad')",0.00929558125608484,0.00579893295613235,0.003348015503235605,Landsat_1996_1998
19,"(0, 3, 6, 7, 10, 11, 14, 16, 17, 25, 27, 28, 29, 31, 32, 34, 35, 36, 40)",[0.94574682 0.94641661 0.94235925 0.9463807 ],0.9452258439294007,"('B1', 'B4', 'B7', 'DEM', 'EVI_cos_2', 'EVI_cos_3', 'EVI_sin_3', 'Mean_EVI', 'Mean_NDBI', 'NDBI_sin_3', 'NDVI_constant', 'NDVI_cos_1', 'NDVI_cos_2', 'NDVI_sin_1', 'NDVI_sin_2', 'NDVI_t', 'SLOPE', 'lrad', 'srad')",0.0026871330547093646,0.0016763345937368362,0.0009678322289458442,Landsat_1996_1998
20,"(0, 3, 6, 7, 10, 11, 14, 16, 17, 18, 25, 27, 28, 29, 31, 32, 34, 35, 36, 40)",[0.94105827 0.95244474 0.94302949 0.93900804],0.9438851368944261,"('B1', 'B4', 'B7', 'DEM', 'EVI_cos_2', 'EVI_cos_3', 'EVI_sin_3', 'Mean_EVI', 'Mean_NDBI', 'Mean_NDVI', 'NDBI_sin_3', 'NDVI_constant', 'NDVI_cos_1', 'NDVI_cos_2', 'NDVI_sin_1', 'NDVI_sin_2', 'NDVI_t', 'SLOPE', 'lrad', 'srad')",0.008243135052305041,0.005142377458684568,0.002968953010046199,Landsat_1996_1998
1,"(0,)",[0.73097463 0.72763685 0.7329773  0.7423231 ],0.7334779706275033,"('B1',)",0.008738539805340107,0.005451429563104519,0.0031473843257266774,Landsat_1999_2001
2,"(0, 13)",[0.78771696 0.80907877 0.78504673 0.80040053],0.7955607476635514,"('B1', 'EVI_sin_2')",0.015587502941701165,0.009724070181546899,0.005614194536934914,Landsat_1999_2001
3,"(0, 13, 36)",[0.84512684 0.85113485 0.84779706 0.86515354],0.8523030707610147,"('B1', 'EVI_sin_2', 'lrad')",0.012372630733831573,0.0077185120693239045,0.0044562850209675315,Landsat_1999_2001
4,"(0, 13, 17, 36)",[0.88718291 0.87917223 0.89319092 0.89919893],0.8896862483311081,"('B1', 'EVI_sin_2', 'Mean_NDBI', 'lrad')",0.011876814441327717,0.007409203231115873,0.0042777054799653935,Landsat_1999_2001
5,"(0, 7, 13, 17, 36)",[0.90787717 0.89919893 0.91722296 0.91121495],0.9088785046728972,"('B1', 'DEM', 'EVI_sin_2', 'Mean_NDBI', 'lrad')",0.010443573862349443,0.006515093890501715,0.0037614912114768517,Landsat_1999_2001
6,"(0, 7, 13, 16, 17, 36)",[0.91855808 0.90854473 0.9212283  0.92923899],0.919392523364486,"('B1', 'DEM', 'EVI_sin_2', 'Mean_EVI', 'Mean_NDBI', 'lrad')",0.011852686809621165,0.007394151507635432,0.004269015363362194,Landsat_1999_2001
7,"(0, 7, 13, 16, 17, 36, 38)",[0.92056075 0.91455274 0.92523364 0.93457944],0.9237316421895861,"('B1', 'DEM', 'EVI_sin_2', 'Mean_EVI', 'Mean_NDBI', 'lrad', 'pres')",0.011731304329577008,0.007318428554499566,0.004225296695985368,Landsat_1999_2001
8,"(0, 5, 7, 13, 16, 17, 36, 38)",[0.92723632 0.91922563 0.92857143 0.93190921],0.92673564753004,"('B1', 'B6', 'DEM', 'EVI_sin_2', 'Mean_EVI', 'Mean_NDBI', 'lrad', 'pres')",0.007466643015843538,0.0046579725423741,0.0026892817012175723,Landsat_1999_2001
9,"(0, 5, 7, 13, 16, 17, 35, 36, 38)",[0.9305741  0.90654206 0.93324433 0.93925234],0.9274032042723631,"('B1', 'B6', 'DEM', 'EVI_sin_2', 'Mean_EVI', 'Mean_NDBI', 'SLOPE', 'lrad', 'pres')",0.019953137213238183,0.012447516919755455,0.007186577244363233,Landsat_1999_2001
10,"(0, 5, 7, 13, 16, 17, 29, 35, 36, 38)",[0.935247   0.91188251 0.93324433 0.93457944],0.9287383177570094,"('B1', 'B6', 'DEM', 'EVI_sin_2', 'Mean_EVI', 'Mean_NDBI', 'NDVI_cos_2', 'SLOPE', 'lrad', 'pres')",0.015642501652799297,0.009758380444621947,0.0056340035765572605,Landsat_1999_2001
11,"(0, 5, 7, 12, 13, 16, 17, 29, 35, 36, 38)",[0.93190921 0.91588785 0.93324433 0.93991989],0.9302403204272363,"('B1', 'B6', 'DEM', 'EVI_sin_1', 'EVI_sin_2', 'Mean_EVI', 'Mean_NDBI', 'NDVI_cos_2', 'SLOPE', 'lrad', 'pres')",0.014145726034165305,0.00882463555834597,0.005094905715111389,Landsat_1999_2001
12,"(0, 5, 6, 7, 12, 13, 16, 17, 29, 35, 36, 38)",[0.93190921 0.91855808 0.93724967 0.93991989],0.9319092122830441,"('B1', 'B6', 'B7', 'DEM', 'EVI_sin_1', 'EVI_sin_2', 'Mean_EVI', 'Mean_NDBI', 'NDVI_cos_2', 'SLOPE', 'lrad', 'pres')",0.013192844526331168,0.008230192260305691,0.004751703716969865,Landsat_1999_2001
13,"(0, 5, 6, 7, 12, 13, 16, 17, 29, 35, 36, 37, 38)",[0.93658211 0.92323097 0.93724967 0.93591455],0.9332443257676903,"('B1', 'B6', 'B7', 'DEM', 'EVI_sin_1', 'EVI_sin_2', 'Mean_EVI', 'Mean_NDBI', 'NDVI_cos_2', 'SLOPE', 'lrad', 'prec', 'pres')",0.009298012512424963,0.005800449665214563,0.0033488911756325026,Landsat_1999_2001
14,"(0, 5, 6, 7, 12, 13, 16, 17, 25, 29, 35, 36, 37, 38)",[0.93791722 0.91789052 0.93724967 0.94259012],0.9339118825100134,"('B1', 'B6', 'B7', 'DEM', 'EVI_sin_1', 'EVI_sin_2', 'Mean_EVI', 'Mean_NDBI', 'NDBI_sin_3', 'NDVI_cos_2', 'SLOPE', 'lrad', 'prec', 'pres')",0.0151898741504162,0.009476014396914808,0.005470979462903534,Landsat_1999_2001
15,"(0, 5, 6, 7, 12, 13, 16, 17, 20, 25, 29, 35, 36, 37, 38)",[0.935247   0.92523364 0.93658211 0.93858478],0.9339118825100133,"('B1', 'B6', 'B7', 'DEM', 'EVI_sin_1', 'EVI_sin_2', 'Mean_EVI', 'Mean_NDBI', 'NDBI_cos_1', 'NDBI_sin_3', 'NDVI_cos_2', 'SLOPE', 'lrad', 'prec', 'pres')",0.008254202768577683,0.005149281916068611,0.0029729393003754844,Landsat_1999_2001
16,"(0, 5, 6, 7, 12, 13, 16, 17, 20, 25, 29, 35, 36, 37, 38, 39)",[0.93457944 0.92189586 0.93791722 0.94259012],0.9342456608811749,"('B1', 'B6', 'B7', 'DEM', 'EVI_sin_1', 'EVI_sin_2', 'Mean_EVI', 'Mean_NDBI', 'NDBI_cos_1', 'NDBI_sin_3', 'NDVI_cos_2', 'SLOPE', 'lrad', 'prec', 'pres', 'shum')",0.012305931429957258,0.007676902536715637,0.004432261746115294,Landsat_1999_2001
17,"(0, 3, 5, 6, 7, 12, 13, 16, 17, 20, 25, 29, 35, 36, 37, 38, 39)",[0.93791722 0.92256342 0.93991989 0.94058745],0.9352469959946594,"('B1', 'B4', 'B6', 'B7', 'DEM', 'EVI_sin_1', 'EVI_sin_2', 'Mean_EVI', 'Mean_NDBI', 'NDBI_cos_1', 'NDBI_sin_3', 'NDVI_cos_2', 'SLOPE', 'lrad', 'prec', 'pres', 'shum')",0.011843626275635817,0.00738849920600089,0.00426575200549195,Landsat_1999_2001
18,"(0, 3, 5, 6, 7, 12, 13, 16, 17, 20, 25, 27, 29, 35, 36, 37, 38, 39)",[0.93991989 0.92723632 0.93858478 0.93991989],0.936415220293725,"('B1', 'B4', 'B6', 'B7', 'DEM', 'EVI_sin_1', 'EVI_sin_2', 'Mean_EVI', 'Mean_NDBI', 'NDBI_cos_1', 'NDBI_sin_3', 'NDVI_constant', 'NDVI_cos_2', 'SLOPE', 'lrad', 'prec', 'pres', 'shum')",0.008539722356665613,0.005327399766192359,0.0030757756890919074,Landsat_1999_2001
19,"(0, 3, 5, 6, 7, 8, 12, 13, 16, 17, 20, 25, 27, 29, 35, 36, 37, 38, 39)",[0.93925234 0.92923899 0.93791722 0.94192256],0.937082777036048,"('B1', 'B4', 'B6', 'B7', 'DEM', 'EVI_constant', 'EVI_sin_1', 'EVI_sin_2', 'Mean_EVI', 'Mean_NDBI', 'NDBI_cos_1', 'NDBI_sin_3', 'NDVI_constant', 'NDVI_cos_2', 'SLOPE', 'lrad', 'prec', 'pres', 'shum')",0.007618458150642888,0.0047526805293384815,0.0027439613829858653,Landsat_1999_2001
20,"(0, 3, 5, 6, 7, 8, 12, 13, 16, 17, 20, 24, 25, 27, 29, 35, 36, 37, 38, 39)",[0.93591455 0.93257677 0.93658211 0.93991989],0.9362483311081442,"('B1', 'B4', 'B6', 'B7', 'DEM', 'EVI_constant', 'EVI_sin_1', 'EVI_sin_2', 'Mean_EVI', 'Mean_NDBI', 'NDBI_cos_1', 'NDBI_sin_2', 'NDBI_sin_3', 'NDVI_constant', 'NDVI_cos_2', 'SLOPE', 'lrad', 'prec', 'pres', 'shum')",0.004178799867937073,0.002606892415189129,0.0015050900376578375,Landsat_1999_2001
1,"(17,)",[0.72259358 0.72374582 0.72508361 0.73244147],0.7259661214744335,"('Mean_NDBI',)",0.00615703123210482,0.0038409874907410465,0.0022175951617333283,Landsat_2002_2004
2,"(0, 17)",[0.78208556 0.77458194 0.79464883 0.79130435],0.7856551696385455,"('B1', 'Mean_NDBI')",0.012625898794832667,0.007876510204697483,0.0045475052869569255,Landsat_2002_2004
3,"(0, 12, 17)",[0.82152406 0.83143813 0.82943144 0.82675585],0.827287370557831,"('B1', 'EVI_sin_1', 'Mean_NDBI')",0.005961496889559683,0.0037190058188258635,0.0021471690106168967,Landsat_2002_2004
4,"(0, 12, 17, 39)",[0.8763369  0.86822742 0.86755853 0.8729097 ],0.8712581376424088,"('B1', 'EVI_sin_1', 'Mean_NDBI', 'shum')",0.0057458437358833105,0.0035844732763741275,0.0020694966110176224,Landsat_2002_2004
5,"(0, 12, 14, 17, 39)",[0.89639037 0.890301   0.89364548 0.89632107],0.8941644832149948,"('B1', 'EVI_sin_1', 'EVI_sin_3', 'Mean_NDBI', 'shum')",0.003991495509063394,0.002490044916406972,0.0014376281027818243,Landsat_2002_2004
6,"(0, 6, 12, 14, 17, 39)",[0.90374332 0.89966555 0.90434783 0.91371237],0.9053672670040955,"('B1', 'B7', 'EVI_sin_1', 'EVI_sin_3', 'Mean_NDBI', 'shum')",0.008245109204452533,0.005143609008991443,0.0029696640459473942,Landsat_2002_2004
7,"(0, 6, 11, 12, 14, 17, 39)",[0.91176471 0.91839465 0.9090301  0.92307692],0.9155665945307889,"('B1', 'B7', 'EVI_cos_3', 'EVI_sin_1', 'EVI_sin_3', 'Mean_NDBI', 'shum')",0.008837612730360891,0.0055132349773261815,0.003183067698264931,Landsat_2002_2004
8,"(0, 6, 7, 11, 12, 14, 17, 39)",[0.92312834 0.91705686 0.91772575 0.9270903 ],0.9212503129862464,"('B1', 'B7', 'DEM', 'EVI_cos_3', 'EVI_sin_1', 'EVI_sin_3', 'Mean_NDBI', 'shum')",0.006591745958953767,0.004112178875829555,0.0023741675809160864,Landsat_2002_2004
9,"(0, 6, 7, 11, 12, 14, 16, 17, 39)",[0.92780749 0.91973244 0.91571906 0.93645485],0.9249284602865167,"('B1', 'B7', 'DEM', 'EVI_cos_3', 'EVI_sin_1', 'EVI_sin_3', 'Mean_EVI', 'Mean_NDBI', 'shum')",0.012747432255435731,0.007952327345180503,0.004591278333423985,Landsat_2002_2004
10,"(0, 6, 7, 11, 12, 13, 14, 16, 17, 39)",[0.93114973 0.91839465 0.92173913 0.93712375],0.9271018144259833,"('B1', 'B7', 'DEM', 'EVI_cos_3', 'EVI_sin_1', 'EVI_sin_2', 'EVI_sin_3', 'Mean_EVI', 'Mean_NDBI', 'shum')",0.011925735703884915,0.007439722153373998,0.0042953255879465,Landsat_2002_2004
11,"(0, 6, 7, 11, 12, 13, 14, 16, 17, 36, 39)",[0.93114973 0.92508361 0.92441472 0.93511706],0.9289412793089263,"('B1', 'B7', 'DEM', 'EVI_cos_3', 'EVI_sin_1', 'EVI_sin_2', 'EVI_sin_3', 'Mean_EVI', 'Mean_NDBI', 'lrad', 'shum')",0.00709619706361655,0.004426874434396322,0.0025558571463673886,Landsat_2002_2004
12,"(0, 6, 7, 11, 12, 13, 14, 16, 17, 35, 36, 39)",[0.93983957 0.93043478 0.92976589 0.93846154],0.9346254448875932,"('B1', 'B7', 'DEM', 'EVI_cos_3', 'EVI_sin_1', 'EVI_sin_2', 'EVI_sin_3', 'Mean_EVI', 'Mean_NDBI', 'SLOPE', 'lrad', 'shum')",0.0073054323201004676,0.004557403251366767,0.0026312179939822784,Landsat_2002_2004
13,"(0, 6, 7, 11, 12, 13, 14, 16, 17, 25, 35, 36, 39)",[0.94184492 0.93511706 0.93110368 0.93377926],0.9354612299465241,"('B1', 'B7', 'DEM', 'EVI_cos_3', 'EVI_sin_1', 'EVI_sin_2', 'EVI_sin_3', 'Mean_EVI', 'Mean_NDBI', 'NDBI_sin_3', 'SLOPE', 'lrad', 'shum')",0.00634582280557261,0.003958762769883037,0.0022855927508498397,Landsat_2002_2004
14,"(0, 6, 7, 11, 12, 13, 14, 16, 17, 25, 34, 35, 36, 39)",[0.93649733 0.93712375 0.93043478 0.93979933],0.9359637964337453,"('B1', 'B7', 'DEM', 'EVI_cos_3', 'EVI_sin_1', 'EVI_sin_2', 'EVI_sin_3', 'Mean_EVI', 'Mean_NDBI', 'NDBI_sin_3', 'NDVI_t', 'SLOPE', 'lrad', 'shum')",0.005489564946035083,0.0034245969351893546,0.001977191962397541,Landsat_2002_2004
15,"(0, 6, 7, 11, 12, 13, 14, 16, 17, 25, 34, 35, 36, 39, 42)",[0.93917112 0.93244147 0.93177258 0.94180602],0.9362977974710712,"('B1', 'B7', 'DEM', 'EVI_cos_3', 'EVI_sin_1', 'EVI_sin_2', 'EVI_sin_3', 'Mean_EVI', 'Mean_NDBI', 'NDBI_sin_3', 'NDVI_t', 'SLOPE', 'lrad', 'shum', 'wind')",0.006892139406662313,0.00429957559860932,0.002482361129258237,Landsat_2002_2004
16,"(0, 6, 7, 11, 12, 13, 14, 16, 17, 25, 31, 34, 35, 36, 39, 42)",[0.93783422 0.93311037 0.93645485 0.93979933],0.9367996932734785,"('B1', 'B7', 'DEM', 'EVI_cos_3', 'EVI_sin_1', 'EVI_sin_2', 'EVI_sin_3', 'Mean_EVI', 'Mean_NDBI', 'NDBI_sin_3', 'NDVI_sin_1', 'NDVI_t', 'SLOPE', 'lrad', 'shum', 'wind')",0.003909937397152222,0.0024391659008863413,0.0014082530894748851,Landsat_2002_2004
17,"(0, 6, 7, 9, 11, 12, 13, 14, 16, 17, 25, 31, 34, 35, 36, 39, 42)",[0.94184492 0.93578595 0.92976589 0.94046823],0.9369662466689321,"('B1', 'B7', 'DEM', 'EVI_cos_1', 'EVI_cos_3', 'EVI_sin_1', 'EVI_sin_2', 'EVI_sin_3', 'Mean_EVI', 'Mean_NDBI', 'NDBI_sin_3', 'NDVI_sin_1', 'NDVI_t', 'SLOPE', 'lrad', 'shum', 'wind')",0.007574133551307005,0.004725029178360514,0.002727996868055279,Landsat_2002_2004
18,"(0, 6, 7, 9, 11, 12, 13, 14, 16, 17, 25, 31, 34, 35, 36, 38, 39, 42)",[0.94184492 0.93311037 0.93444816 0.9451505 ],0.9386384874716076,"('B1', 'B7', 'DEM', 'EVI_cos_1', 'EVI_cos_3', 'EVI_sin_1', 'EVI_sin_2', 'EVI_sin_3', 'Mean_EVI', 'Mean_NDBI', 'NDBI_sin_3', 'NDVI_sin_1', 'NDVI_t', 'SLOPE', 'lrad', 'pres', 'shum', 'wind')",0.0080471611748011,0.005020121588342438,0.002898368550394158,Landsat_2002_2004
19,"(0, 3, 6, 7, 9, 11, 12, 13, 14, 16, 17, 25, 31, 34, 35, 36, 38, 39, 42)",[0.93917112 0.93444816 0.93311037 0.94448161],0.9378028141934792,"('B1', 'B4', 'B7', 'DEM', 'EVI_cos_1', 'EVI_cos_3', 'EVI_sin_1', 'EVI_sin_2', 'EVI_sin_3', 'Mean_EVI', 'Mean_NDBI', 'NDBI_sin_3', 'NDVI_sin_1', 'NDVI_t', 'SLOPE', 'lrad', 'pres', 'shum', 'wind')",0.0071575976581983655,0.004465178432999264,0.0025779719702718365,Landsat_2002_2004
20,"(0, 3, 6, 7, 9, 11, 12, 13, 14, 16, 17, 25, 28, 31, 34, 35, 36, 38, 39, 42)",[0.93983957 0.93779264 0.93244147 0.94113712],0.9378027024126768,"('B1', 'B4', 'B7', 'DEM', 'EVI_cos_1', 'EVI_cos_3', 'EVI_sin_1', 'EVI_sin_2', 'EVI_sin_3', 'Mean_EVI', 'Mean_NDBI', 'NDBI_sin_3', 'NDVI_cos_1', 'NDVI_sin_1', 'NDVI_t', 'SLOPE', 'lrad', 'pres', 'shum', 'wind')",0.0053170978550368874,0.003317005481757323,0.0019150740077960547,Landsat_2002_2004
1,"(0,)",[0.74900133 0.71770972 0.72569907 0.69573901],0.7220372836218376,"('B1',)",0.030528223894067123,0.019044653449251412,0.010995435795548437,Landsat_2005_2007
2,"(0, 18)",[0.77496671 0.76830892 0.76964048 0.75765646],0.7676431424766977,"('B1', 'Mean_NDVI')",0.010068239421875359,0.006280946159824636,0.0036263059561403,Landsat_2005_2007
3,"(0, 7, 18)",[0.80359521 0.80359521 0.84154461 0.79826897],0.8117509986684421,"('B1', 'DEM', 'Mean_NDVI')",0.027792871634598093,0.017338237903296954,0.010010236320742268,Landsat_2005_2007
4,"(0, 7, 18, 36)",[0.84420772 0.87083888 0.89613848 0.85885486],0.8675099866844208,"('B1', 'DEM', 'Mean_NDVI', 'lrad')",0.03050489675388838,0.01903010110247199,0.010987033994217998,Landsat_2005_2007
5,"(0, 7, 17, 18, 36)",[0.88415446 0.8988016  0.91411451 0.89081225],0.8969707057256991,"('B1', 'DEM', 'Mean_NDBI', 'Mean_NDVI', 'lrad')",0.017911927340719436,0.01117413348368648,0.0064513889747672,Landsat_2005_2007
6,"(0, 7, 17, 18, 25, 36)",[0.89147803 0.91078562 0.93142477 0.90945406],0.9107856191744341,"('B1', 'DEM', 'Mean_NDBI', 'Mean_NDVI', 'NDBI_sin_3', 'lrad')",0.022677094428469317,0.01414682380883873,0.008167672534211247,Landsat_2005_2007
7,"(0, 7, 17, 18, 24, 25, 36)",[0.90279627 0.91877497 0.93941411 0.90745672],0.9171105193075899,"('B1', 'DEM', 'Mean_NDBI', 'Mean_NDVI', 'NDBI_sin_2', 'NDBI_sin_3', 'lrad')",0.02264568134450391,0.014127227146420064,0.008156358395888613,Landsat_2005_2007
8,"(0, 6, 7, 17, 18, 24, 25, 36)",[0.9114514  0.92476698 0.93941411 0.91478029],0.9226031957390146,"('B1', 'B7', 'DEM', 'Mean_NDBI', 'Mean_NDVI', 'NDBI_sin_2', 'NDBI_sin_3', 'lrad')",0.017428494000583952,0.01087254959657133,0.006277269436358014,Landsat_2005_2007
9,"(0, 6, 7, 11, 17, 18, 24, 25, 36)",[0.91278296 0.93408788 0.94806924 0.92210386],0.9292609853528628,"('B1', 'B7', 'DEM', 'EVI_cos_3', 'Mean_NDBI', 'Mean_NDVI', 'NDBI_sin_2', 'NDBI_sin_3', 'lrad')",0.021202409457529325,0.013226859898857397,0.007636531123138784,Landsat_2005_2007
10,"(0, 4, 6, 7, 11, 17, 18, 24, 25, 36)",[0.91744341 0.93541944 0.94673768 0.92276964],0.9305925432756325,"('B1', 'B5', 'B7', 'DEM', 'EVI_cos_3', 'Mean_NDBI', 'Mean_NDVI', 'NDBI_sin_2', 'NDBI_sin_3', 'lrad')",0.01824270971130068,0.011380487958702824,0.00657052778646637,Landsat_2005_2007
11,"(0, 4, 6, 7, 11, 17, 18, 24, 25, 36, 40)",[0.91744341 0.9334221  0.94340879 0.92543276],0.9299267643142477,"('B1', 'B5', 'B7', 'DEM', 'EVI_cos_3', 'Mean_NDBI', 'Mean_NDVI', 'NDBI_sin_2', 'NDBI_sin_3', 'lrad', 'srad')",0.015417244126709114,0.009617856333684168,0.005552871943279701,Landsat_2005_2007
12,"(0, 4, 6, 7, 10, 11, 17, 18, 24, 25, 36, 40)",[0.9241012  0.93741678 0.95006658 0.92276964],0.9335885486018641,"('B1', 'B5', 'B7', 'DEM', 'EVI_cos_2', 'EVI_cos_3', 'Mean_NDBI', 'Mean_NDVI', 'NDBI_sin_2', 'NDBI_sin_3', 'lrad', 'srad')",0.01780030062130093,0.011104496540693036,0.0064111840669843915,Landsat_2005_2007
13,"(0, 4, 6, 7, 10, 11, 17, 18, 24, 25, 34, 36, 40)",[0.91810919 0.93608522 0.94340879 0.9241012 ],0.9304260985352863,"('B1', 'B5', 'B7', 'DEM', 'EVI_cos_2', 'EVI_cos_3', 'Mean_NDBI', 'Mean_NDVI', 'NDBI_sin_2', 'NDBI_sin_3', 'NDVI_t', 'lrad', 'srad')",0.01587450422783688,0.009903112370601543,0.005717564592981913,Landsat_2005_2007
14,"(0, 3, 4, 6, 7, 10, 11, 17, 18, 24, 25, 34, 36, 40)",[0.9241012  0.93209055 0.94407457 0.92543276],0.9314247669773635,"('B1', 'B4', 'B5', 'B7', 'DEM', 'EVI_cos_2', 'EVI_cos_3', 'Mean_NDBI', 'Mean_NDVI', 'NDBI_sin_2', 'NDBI_sin_3', 'NDVI_t', 'lrad', 'srad')",0.012672668880299772,0.007905687141836166,0.004564350599468074,Landsat_2005_2007
15,"(0, 3, 4, 6, 7, 10, 11, 12, 17, 18, 24, 25, 34, 36, 40)",[0.9207723  0.93475366 0.95006658 0.93142477],0.934254327563249,"('B1', 'B4', 'B5', 'B7', 'DEM', 'EVI_cos_2', 'EVI_cos_3', 'EVI_sin_1', 'Mean_NDBI', 'Mean_NDVI', 'NDBI_sin_2', 'NDBI_sin_3', 'NDVI_t', 'lrad', 'srad')",0.016813126608309477,0.010488660289073342,0.006055630841335032,Landsat_2005_2007
16,"(0, 3, 4, 6, 7, 10, 11, 12, 17, 18, 24, 25, 34, 35, 36, 40)",[0.9241012  0.94007989 0.94340879 0.92809587],0.9339214380825566,"('B1', 'B4', 'B5', 'B7', 'DEM', 'EVI_cos_2', 'EVI_cos_3', 'EVI_sin_1', 'Mean_NDBI', 'Mean_NDVI', 'NDBI_sin_2', 'NDBI_sin_3', 'NDVI_t', 'SLOPE', 'lrad', 'srad')",0.012881596063885071,0.008036023771353727,0.004639600487605306,Landsat_2005_2007
17,"(0, 3, 4, 6, 7, 10, 11, 12, 17, 18, 20, 24, 25, 34, 35, 36, 40)",[0.92276964 0.94340879 0.94474035 0.92876165],0.9349201065246339,"('B1', 'B4', 'B5', 'B7', 'DEM', 'EVI_cos_2', 'EVI_cos_3', 'EVI_sin_1', 'Mean_NDBI', 'Mean_NDVI', 'NDBI_cos_1', 'NDBI_sin_2', 'NDBI_sin_3', 'NDVI_t', 'SLOPE', 'lrad', 'srad')",0.015081133037807712,0.009408177603903174,0.005431813872197306,Landsat_2005_2007
18,"(0, 3, 4, 6, 7, 9, 10, 11, 12, 17, 18, 20, 24, 25, 34, 35, 36, 40)",[0.92609854 0.93808256 0.95006658 0.93142477],0.9364181091877497,"('B1', 'B4', 'B5', 'B7', 'DEM', 'EVI_cos_1', 'EVI_cos_2', 'EVI_cos_3', 'EVI_sin_1', 'Mean_NDBI', 'Mean_NDVI', 'NDBI_cos_1', 'NDBI_sin_2', 'NDBI_sin_3', 'NDVI_t', 'SLOPE', 'lrad', 'srad')",0.014348208670994223,0.008950951837382653,0.00516783445281625,Landsat_2005_2007
19,"(0, 3, 4, 6, 7, 9, 10, 11, 12, 17, 18, 20, 24, 25, 34, 35, 36, 39, 40)",[0.9241012  0.94074567 0.95206391 0.92609854],0.9357523302263648,"('B1', 'B4', 'B5', 'B7', 'DEM', 'EVI_cos_1', 'EVI_cos_2', 'EVI_cos_3', 'EVI_sin_1', 'Mean_NDBI', 'Mean_NDVI', 'NDBI_cos_1', 'NDBI_sin_2', 'NDBI_sin_3', 'NDVI_t', 'SLOPE', 'lrad', 'shum', 'srad')",0.018275848175872796,0.0114011609783913,0.006582463359948474,Landsat_2005_2007
20,"(0, 3, 4, 6, 7, 9, 10, 11, 12, 17, 18, 20, 23, 24, 25, 34, 35, 36, 39, 40)",[0.92343542 0.94141145 0.9494008  0.9334221 ],0.9369174434087884,"('B1', 'B4', 'B5', 'B7', 'DEM', 'EVI_cos_1', 'EVI_cos_2', 'EVI_cos_3', 'EVI_sin_1', 'Mean_NDBI', 'Mean_NDVI', 'NDBI_cos_1', 'NDBI_sin_1', 'NDBI_sin_2', 'NDBI_sin_3', 'NDVI_t', 'SLOPE', 'lrad', 'shum', 'srad')",0.015417244126709176,0.009617856333684206,0.0055528719432797235,Landsat_2005_2007
1,"(18,)",[0.72491694 0.74219269 0.71627907 0.75282392],0.7340531561461794,"('Mean_NDVI',)",0.022922943248862713,0.01430019354307372,0.008256220591557362,Landsat_2008_2010
2,"(7, 18)",[0.77342193 0.79534884 0.76611296 0.80066445],0.7838870431893687,"('DEM', 'Mean_NDVI')",0.023205763490649844,0.014476627439521796,0.008358084749165832,Landsat_2008_2010
3,"(7, 18, 36)",[0.84850498 0.85581395 0.84053156 0.86112957],0.8514950166112957,"('DEM', 'Mean_NDVI', 'lrad')",0.012432550139261431,0.007755892046464291,0.004477866360831836,Landsat_2008_2010
4,"(6, 7, 18, 36)",[0.8717608  0.89169435 0.88239203 0.89302326],0.884717607973422,"('B7', 'DEM', 'Mean_NDVI', 'lrad')",0.013671138262180959,0.008528569869098624,0.004923972109726622,Landsat_2008_2010
5,"(6, 7, 18, 25, 36)",[0.88903654 0.90963455 0.90166113 0.910299  ],0.90265780730897,"('B7', 'DEM', 'Mean_NDVI', 'NDBI_sin_3', 'lrad')",0.013733233077979539,0.008567306948988452,0.004946336973228635,Landsat_2008_2010
6,"(6, 7, 18, 24, 25, 36)",[0.90099668 0.91760797 0.91162791 0.91627907],0.9116279069767442,"('B7', 'DEM', 'Mean_NDVI', 'NDBI_sin_2', 'NDBI_sin_3', 'lrad')",0.010462985430483357,0.006527203556275255,0.003768482730271001,Landsat_2008_2010
7,"(6, 7, 18, 24, 25, 34, 36)",[0.90631229 0.92026578 0.91096346 0.92956811],0.9167774086378738,"('B7', 'DEM', 'Mean_NDVI', 'NDBI_sin_2', 'NDBI_sin_3', 'NDVI_t', 'lrad')",0.014317131649081374,0.008931564823103057,0.0051566413549031425,Landsat_2008_2010
8,"(6, 7, 18, 21, 24, 25, 34, 36)",[0.91428571 0.91694352 0.91096346 0.93621262],0.9196013289036544,"('B7', 'DEM', 'Mean_NDVI', 'NDBI_cos_2', 'NDBI_sin_2', 'NDBI_sin_3', 'NDVI_t', 'lrad')",0.015744094380895596,0.009821757806707333,0.0056705945136177865,Landsat_2008_2010
9,"(6, 7, 18, 21, 24, 25, 34, 35, 36)",[0.91162791 0.92292359 0.91627907 0.93355482],0.9210963455149501,"('B7', 'DEM', 'Mean_NDVI', 'NDBI_cos_2', 'NDBI_sin_2', 'NDBI_sin_3', 'NDVI_t', 'SLOPE', 'lrad')",0.013204173947246748,0.008237259978882003,0.004755784266192455,Landsat_2008_2010
10,"(6, 7, 18, 21, 24, 25, 26, 34, 35, 36)",[0.91627907 0.9255814  0.91627907 0.93820598],0.9240863787375416,"('B7', 'DEM', 'Mean_NDVI', 'NDBI_cos_2', 'NDBI_sin_2', 'NDBI_sin_3', 'NDBI_t', 'NDVI_t', 'SLOPE', 'lrad')",0.014415837620751154,0.008993141318032654,0.005192192560826498,Landsat_2008_2010
11,"(6, 7, 13, 18, 21, 24, 25, 26, 34, 35, 36)",[0.91561462 0.92425249 0.92757475 0.93687708],0.9260797342192691,"('B7', 'DEM', 'EVI_sin_2', 'Mean_NDVI', 'NDBI_cos_2', 'NDBI_sin_2', 'NDBI_sin_3', 'NDBI_t', 'NDVI_t', 'SLOPE', 'lrad')",0.01219939214766471,0.007610439328209497,0.004393889194793068,Landsat_2008_2010
12,"(6, 7, 13, 17, 18, 21, 24, 25, 26, 34, 35, 36)",[0.91827243 0.92624585 0.91694352 0.93687708],0.9245847176079734,"('B7', 'DEM', 'EVI_sin_2', 'Mean_NDBI', 'Mean_NDVI', 'NDBI_cos_2', 'NDBI_sin_2', 'NDBI_sin_3', 'NDBI_t', 'NDVI_t', 'SLOPE', 'lrad')",0.012725651404040972,0.007938739631460823,0.004583433463250257,Landsat_2008_2010
13,"(6, 7, 11, 13, 17, 18, 21, 24, 25, 26, 34, 35, 36)",[0.92425249 0.92624585 0.92425249 0.93421927],0.9272425249169436,"('B7', 'DEM', 'EVI_cos_3', 'EVI_sin_2', 'Mean_NDBI', 'Mean_NDVI', 'NDBI_cos_2', 'NDBI_sin_2', 'NDBI_sin_3', 'NDBI_t', 'NDVI_t', 'SLOPE', 'lrad')",0.006587303655996055,0.004109407600283366,0.0023725675842334957,Landsat_2008_2010
14,"(6, 7, 11, 13, 16, 17, 18, 21, 24, 25, 26, 34, 35, 36)",[0.92159468 0.93222591 0.92093023 0.93687708],0.9279069767441861,"('B7', 'DEM', 'EVI_cos_3', 'EVI_sin_2', 'Mean_EVI', 'Mean_NDBI', 'Mean_NDVI', 'NDBI_cos_2', 'NDBI_sin_2', 'NDBI_sin_3', 'NDBI_t', 'NDVI_t', 'SLOPE', 'lrad')",0.010978839426660156,0.006849012667138985,0.003954279307055849,Landsat_2008_2010
15,"(6, 7, 11, 13, 16, 17, 18, 21, 23, 24, 25, 26, 34, 35, 36)",[0.91627907 0.93222591 0.92026578 0.94086379],0.9274086378737542,"('B7', 'DEM', 'EVI_cos_3', 'EVI_sin_2', 'Mean_EVI', 'Mean_NDBI', 'Mean_NDVI', 'NDBI_cos_2', 'NDBI_sin_1', 'NDBI_sin_2', 'NDBI_sin_3', 'NDBI_t', 'NDVI_t', 'SLOPE', 'lrad')",0.015606134419104894,0.009735693197403727,0.00562090508826865,Landsat_2008_2010
16,"(6, 7, 11, 13, 16, 17, 18, 21, 23, 24, 25, 26, 34, 35, 36, 37)",[0.91694352 0.93089701 0.92425249 0.9461794 ],0.9295681063122924,"('B7', 'DEM', 'EVI_cos_3', 'EVI_sin_2', 'Mean_EVI', 'Mean_NDBI', 'Mean_NDVI', 'NDBI_cos_2', 'NDBI_sin_1', 'NDBI_sin_2', 'NDBI_sin_3', 'NDBI_t', 'NDVI_t', 'SLOPE', 'lrad', 'prec')",0.01728949361860663,0.01078583593405177,0.006227205279959928,Landsat_2008_2010
17,"(6, 7, 11, 13, 16, 17, 18, 21, 23, 24, 25, 26, 30, 34, 35, 36, 37)",[0.91893688 0.93289037 0.93023256 0.94219269],0.9310631229235881,"('B7', 'DEM', 'EVI_cos_3', 'EVI_sin_2', 'Mean_EVI', 'Mean_NDBI', 'Mean_NDVI', 'NDBI_cos_2', 'NDBI_sin_1', 'NDBI_sin_2', 'NDBI_sin_3', 'NDBI_t', 'NDVI_cos_3', 'NDVI_t', 'SLOPE', 'lrad', 'prec')",0.013289811968186082,0.008290684194995221,0.004786628751746667,Landsat_2008_2010
18,"(6, 7, 11, 13, 16, 17, 18, 21, 23, 24, 25, 26, 30, 34, 35, 36, 37, 40)",[0.91893688 0.93488372 0.92159468 0.9448505 ],0.9300664451827242,"('B7', 'DEM', 'EVI_cos_3', 'EVI_sin_2', 'Mean_EVI', 'Mean_NDBI', 'Mean_NDVI', 'NDBI_cos_2', 'NDBI_sin_1', 'NDBI_sin_2', 'NDBI_sin_3', 'NDBI_t', 'NDVI_cos_3', 'NDVI_t', 'SLOPE', 'lrad', 'prec', 'srad')",0.016762701396162847,0.01045720314653633,0.006037469051623351,Landsat_2008_2010
19,"(6, 7, 11, 13, 15, 16, 17, 18, 21, 23, 24, 25, 26, 30, 34, 35, 36, 37, 40)",[0.91960133 0.93355482 0.93289037 0.94352159],0.9323920265780731,"('B7', 'DEM', 'EVI_cos_3', 'EVI_sin_2', 'EVI_t', 'Mean_EVI', 'Mean_NDBI', 'Mean_NDVI', 'NDBI_cos_2', 'NDBI_sin_1', 'NDBI_sin_2', 'NDBI_sin_3', 'NDBI_t', 'NDVI_cos_3', 'NDVI_t', 'SLOPE', 'lrad', 'prec', 'srad')",0.013626983240325175,0.008501024306926206,0.004908068671991397,Landsat_2008_2010
20,"(6, 7, 11, 13, 15, 16, 17, 18, 21, 23, 24, 25, 26, 30, 34, 35, 36, 37, 40, 42)",[0.91760797 0.93156146 0.9255814  0.94817276],0.9307308970099668,"('B7', 'DEM', 'EVI_cos_3', 'EVI_sin_2', 'EVI_t', 'Mean_EVI', 'Mean_NDBI', 'Mean_NDVI', 'NDBI_cos_2', 'NDBI_sin_1', 'NDBI_sin_2', 'NDBI_sin_3', 'NDBI_t', 'NDVI_cos_3', 'NDVI_t', 'SLOPE', 'lrad', 'prec', 'srad', 'wind')",0.017986936728025576,0.011220927158668789,0.006478405315614607,Landsat_2008_2010
1,"(1,)",[0.74633822 0.75299601 0.72170439 0.73417722],0.7388039575924085,"('B2',)",0.019168551667130815,0.011958062967938415,0.006903990873525739,Landsat_2011_2013
2,"(1, 34)",[0.76098535 0.78095872 0.76697736 0.74816789],0.7642723315392934,"('B2', 'NDVI_sin_2')",0.018897343926499187,0.011788873386159712,0.006806309222941725,Landsat_2011_2013
3,"(1, 25, 34)",[0.81491345 0.82090546 0.81624501 0.80612925],0.8145482904872119,"('B2', 'NDBI_sin_1', 'NDVI_sin_2')",0.008569058758260225,0.005345700916097317,0.003086341862916015,Landsat_2011_2013
4,"(1, 7, 25, 34)",[0.86284953 0.86351531 0.84620506 0.84943371],0.8555009044125932,"('B2', 'B7', 'NDBI_sin_1', 'NDVI_sin_2')",0.012454263918474425,0.007769437918036119,0.004485687073430239,Landsat_2011_2013
5,"(1, 7, 25, 34, 38)",[0.88149134 0.88215712 0.88548602 0.87475017],0.8809711634764573,"('B2', 'B7', 'NDBI_sin_1', 'NDVI_sin_2', 'lrad')",0.006247608702267893,0.0038974931209261317,0.0022502187025314167,Landsat_2011_2013
6,"(1, 7, 18, 25, 34, 38)",[0.89946738 0.8988016  0.90079893 0.88540973],0.8961194090757072,"('B2', 'B7', 'Mean_EVI', 'NDBI_sin_1', 'NDVI_sin_2', 'lrad')",0.009978422897353038,0.006224915236129916,0.00359395648726221,Landsat_2011_2013
7,"(1, 7, 9, 18, 25, 34, 38)",[0.89280959 0.90745672 0.91677763 0.89606929],0.9032783071383392,"('B2', 'B7', 'DEM', 'Mean_EVI', 'NDBI_sin_1', 'NDVI_sin_2', 'lrad')",0.015233699038314225,0.0095033540091165,0.00548676399536772,Landsat_2011_2013
8,"(1, 7, 9, 16, 18, 25, 34, 38)",[0.90013316 0.91944075 0.9207723  0.90273151],0.9107694293462592,"('B2', 'B7', 'DEM', 'EVI_sin_3', 'Mean_EVI', 'NDBI_sin_1', 'NDVI_sin_2', 'lrad')",0.015058378900706727,0.009393982717979619,0.005423618450988226,Landsat_2011_2013
9,"(1, 7, 9, 16, 18, 25, 33, 34, 38)",[0.90412783 0.91544607 0.92543276 0.90273151],0.9119345425286827,"('B2', 'B7', 'DEM', 'EVI_sin_3', 'Mean_EVI', 'NDBI_sin_1', 'NDVI_sin_1', 'NDVI_sin_2', 'lrad')",0.014782520221380565,0.009221891705840654,0.0053242616588046795,Landsat_2011_2013
10,"(1, 7, 9, 16, 18, 19, 25, 33, 34, 38)",[0.90479361 0.91944075 0.93142477 0.91272485],0.9170959928179261,"('B2', 'B7', 'DEM', 'EVI_sin_3', 'Mean_EVI', 'Mean_NDBI', 'NDBI_sin_1', 'NDVI_sin_1', 'NDVI_sin_2', 'lrad')",0.015649958164281216,0.00976303209673267,0.005636689209155563,Landsat_2011_2013
11,"(1, 7, 9, 16, 18, 19, 25, 26, 33, 34, 38)",[0.90479361 0.92543276 0.93009321 0.90672885],0.916762105334127,"('B2', 'B7', 'DEM', 'EVI_sin_3', 'Mean_EVI', 'Mean_NDBI', 'NDBI_sin_1', 'NDBI_sin_2', 'NDVI_sin_1', 'NDVI_sin_2', 'lrad')",0.01786460834266542,0.011144614114245544,0.006434345958874168,Landsat_2011_2013
12,"(1, 7, 9, 16, 18, 19, 25, 26, 32, 33, 34, 38)",[0.89680426 0.92942743 0.92876165 0.91272485],0.9169295480775799,"('B2', 'B7', 'DEM', 'EVI_sin_3', 'Mean_EVI', 'Mean_NDBI', 'NDBI_sin_1', 'NDBI_sin_2', 'NDVI_cos_3', 'NDVI_sin_1', 'NDVI_sin_2', 'lrad')",0.021489852262132195,0.013406177523726047,0.007740060202127144,Landsat_2011_2013
13,"(1, 7, 9, 16, 18, 19, 25, 26, 32, 33, 34, 38, 43)",[0.8988016  0.93209055 0.92876165 0.90872751],0.9170953274825215,"('B2', 'B7', 'DEM', 'EVI_sin_3', 'Mean_EVI', 'Mean_NDBI', 'NDBI_sin_1', 'NDBI_sin_2', 'NDVI_cos_3', 'NDVI_sin_1', 'NDVI_sin_2', 'lrad', 'temp')",0.022177414877255285,0.013835104924649134,0.007987701552512895,Landsat_2011_2013
14,"(1, 7, 9, 13, 16, 18, 19, 25, 26, 32, 33, 34, 38, 43)",[0.89747004 0.93075899 0.92743009 0.91738841],0.9182618822249881,"('B2', 'B7', 'DEM', 'EVI_cos_3', 'EVI_sin_3', 'Mean_EVI', 'Mean_NDBI', 'NDBI_sin_1', 'NDBI_sin_2', 'NDVI_cos_3', 'NDVI_sin_1', 'NDVI_sin_2', 'lrad', 'temp')",0.020797059757845838,0.012973987521380815,0.007490535187932059,Landsat_2011_2013
15,"(1, 7, 9, 13, 16, 18, 19, 22, 25, 26, 32, 33, 34, 38, 43)",[0.90346205 0.92876165 0.93075899 0.91738841],0.9200927743687963,"('B2', 'B7', 'DEM', 'EVI_cos_3', 'EVI_sin_3', 'Mean_EVI', 'Mean_NDBI', 'NDBI_cos_1', 'NDBI_sin_1', 'NDBI_sin_2', 'NDVI_cos_3', 'NDVI_sin_1', 'NDVI_sin_2', 'lrad', 'temp')",0.017427807885592644,0.010872121572252548,0.006277022316402346,Landsat_2011_2013
16,"(1, 7, 9, 10, 13, 16, 18, 19, 22, 25, 26, 32, 33, 34, 38, 43)",[0.89813582 0.92942743 0.93209055 0.91938708],0.9197602175558062,"('B2', 'B7', 'DEM', 'EVI_constant', 'EVI_cos_3', 'EVI_sin_3', 'Mean_EVI', 'Mean_NDBI', 'NDBI_cos_1', 'NDBI_sin_1', 'NDBI_sin_2', 'NDVI_cos_3', 'NDVI_sin_1', 'NDVI_sin_2', 'lrad', 'temp')",0.021405141068420307,0.013353331497271529,0.0077095495345280264,Landsat_2011_2013
17,"(1, 7, 9, 10, 13, 16, 18, 19, 22, 25, 26, 32, 33, 34, 37, 38, 43)",[0.89813582 0.9334221  0.93541944 0.9200533 ],0.9217576653291946,"('B2', 'B7', 'DEM', 'EVI_constant', 'EVI_cos_3', 'EVI_sin_3', 'Mean_EVI', 'Mean_NDBI', 'NDBI_cos_1', 'NDBI_sin_1', 'NDBI_sin_2', 'NDVI_cos_3', 'NDVI_sin_1', 'NDVI_sin_2', 'SLOPE', 'lrad', 'temp')",0.023824634987029986,0.01486270273886045,0.00858098542716647,Landsat_2011_2013
18,"(1, 7, 9, 10, 13, 16, 17, 18, 19, 22, 25, 26, 32, 33, 34, 37, 38, 43)",[0.8954727  0.93541944 0.936751   0.91938708],0.9217575544399605,"('B2', 'B7', 'DEM', 'EVI_constant', 'EVI_cos_3', 'EVI_sin_3', 'EVI_t', 'Mean_EVI', 'Mean_NDBI', 'NDBI_cos_1', 'NDBI_sin_1', 'NDBI_sin_2', 'NDVI_cos_3', 'NDVI_sin_1', 'NDVI_sin_2', 'SLOPE', 'lrad', 'temp')",0.026678482000832622,0.016643039766119173,0.009608863489102552,Landsat_2011_2013
19,"(1, 7, 9, 10, 13, 16, 17, 18, 19, 22, 25, 26, 31, 32, 33, 34, 37, 38, 43)",[0.8954727  0.93408788 0.93741678 0.91738841],0.9210914428108735,"('B2', 'B7', 'DEM', 'EVI_constant', 'EVI_cos_3', 'EVI_sin_3', 'EVI_t', 'Mean_EVI', 'Mean_NDBI', 'NDBI_cos_1', 'NDBI_sin_1', 'NDBI_sin_2', 'NDVI_cos_2', 'NDVI_cos_3', 'NDVI_sin_1', 'NDVI_sin_2', 'SLOPE', 'lrad', 'temp')",0.02664828464814739,0.016624201522565583,0.009597987224115825,Landsat_2011_2013
20,"(1, 7, 9, 10, 13, 16, 17, 18, 19, 22, 25, 26, 27, 31, 32, 33, 34, 37, 38, 43)",[0.90079893 0.92942743 0.93808256 0.92338441],0.9229233329577884,"('B2', 'B7', 'DEM', 'EVI_constant', 'EVI_cos_3', 'EVI_sin_3', 'EVI_t', 'Mean_EVI', 'Mean_NDBI', 'NDBI_cos_1', 'NDBI_sin_1', 'NDBI_sin_2', 'NDBI_sin_3', 'NDVI_cos_2', 'NDVI_cos_3', 'NDVI_sin_1', 'NDVI_sin_2', 'SLOPE', 'lrad', 'temp')",0.022121823725902337,0.013800425075076637,0.007967679132026758,Landsat_2011_2013
1,"(3,)",[0.72927807 0.72994652 0.72994652 0.74197861],0.7327874331550803,"('B2',)",0.008517506168644318,0.005313540473123193,0.003067774022507647,Landsat_2014_2016
2,"(3, 22)",[0.77005348 0.78208556 0.77941176 0.76938503],0.7752339572192514,"('B2', 'Mean_NDVI')",0.008976907643922713,0.005600132379717935,0.0032332379369276894,Landsat_2014_2016
3,"(3, 11, 22)",[0.82687166 0.82085561 0.82152406 0.82620321],0.8238636363636364,"('B2', 'DEM', 'Mean_NDVI')",0.004319401283124953,0.0026946048623992624,0.0015557308426658884,Landsat_2014_2016
4,"(3, 11, 22, 40)",[0.87165775 0.87165775 0.88034759 0.88502674],0.8771724598930482,"('B2', 'DEM', 'Mean_NDVI', 'lrad')",0.009229161345517134,0.005757497719569568,0.0033240928582521467,Landsat_2014_2016
5,"(3, 8, 11, 22, 40)",[0.89639037 0.89572193 0.90307487 0.90975936],0.9012366310160428,"('B2', 'B7', 'DEM', 'Mean_NDVI', 'lrad')",0.009135382506020868,0.005698994954872982,0.003290316271306235,Landsat_2014_2016
6,"(3, 8, 11, 22, 29, 40)",[0.90708556 0.90975936 0.90975936 0.91377005],0.9100935828877006,"('B2', 'B7', 'DEM', 'Mean_NDVI', 'NDBI_sin_3', 'lrad')",0.003826061641864876,0.002386841052320481,0.0013780433240700794,Landsat_2014_2016
7,"(3, 8, 11, 22, 25, 29, 40)",[0.91377005 0.90842246 0.91778075 0.91644385],0.9141042780748664,"('B2', 'B7', 'DEM', 'Mean_NDVI', 'NDBI_cos_2', 'NDBI_sin_3', 'lrad')",0.005745340796126132,0.0035841595236509242,0.002069315465798422,Landsat_2014_2016
8,"(3, 8, 11, 16, 22, 25, 29, 40)",[0.91644385 0.91176471 0.9184492  0.9171123 ],0.9159425133689839,"('B2', 'B7', 'DEM', 'EVI_sin_1', 'Mean_NDVI', 'NDBI_cos_2', 'NDBI_sin_3', 'lrad')",0.004035987454208867,0.0025178006639905485,0.0014536528911207615,Landsat_2014_2016
9,"(3, 8, 11, 16, 22, 25, 29, 32, 40)",[0.92112299 0.9184492  0.92245989 0.9184492 ],0.920120320855615,"('B2', 'B7', 'DEM', 'EVI_sin_1', 'Mean_NDVI', 'NDBI_cos_2', 'NDBI_sin_3', 'NDVI_cos_1', 'lrad')",0.002783868755211708,0.0017366819594607796,0.0010026737967914479,Landsat_2014_2016
10,"(3, 8, 11, 16, 22, 25, 29, 32, 37, 40)",[0.92112299 0.9171123  0.92245989 0.92379679],0.9211229946524064,"('B2', 'B7', 'DEM', 'EVI_sin_1', 'Mean_NDVI', 'NDBI_cos_2', 'NDBI_sin_3', 'NDVI_cos_1', 'NDVI_sin_3', 'lrad')",0.00400922923131701,0.0025011078788595965,0.001444015307131882,Landsat_2014_2016
11,"(3, 8, 11, 16, 22, 25, 29, 32, 37, 40, 46)",[0.92112299 0.9131016  0.92914439 0.92379679],0.9217914438502675,"('B2', 'B7', 'DEM', 'EVI_sin_1', 'Mean_NDVI', 'NDBI_cos_2', 'NDBI_sin_3', 'NDVI_cos_1', 'NDVI_sin_3', 'lrad', 'wind')",0.009279562517372358,0.0057889398648692655,0.003342245989304826,Landsat_2014_2016
12,"(3, 8, 11, 16, 21, 22, 25, 29, 32, 37, 40, 46)",[0.92112299 0.91778075 0.92513369 0.92647059],0.9226270053475936,"('B2', 'B7', 'DEM', 'EVI_sin_1', 'Mean_NDBI', 'Mean_NDVI', 'NDBI_cos_2', 'NDBI_sin_3', 'NDVI_cos_1', 'NDVI_sin_3', 'lrad', 'wind')",0.005483323774203308,0.003420703457630167,0.0019749440620806607,Landsat_2014_2016
13,"(3, 8, 11, 16, 21, 22, 25, 29, 32, 37, 39, 40, 46)",[0.92713904 0.91911765 0.92780749 0.92713904],0.9253008021390374,"('B2', 'B7', 'DEM', 'EVI_sin_1', 'Mean_NDBI', 'Mean_NDVI', 'NDBI_cos_2', 'NDBI_sin_3', 'NDVI_cos_1', 'NDVI_sin_3', 'SLOPE', 'lrad', 'wind')",0.005739092462797329,0.003580261578480731,0.0020670649861051246,Landsat_2014_2016
14,"(3, 8, 11, 16, 21, 22, 25, 29, 32, 37, 39, 40, 44, 46)",[0.92312834 0.92179144 0.93181818 0.92045455],0.9242981283422459,"('B2', 'B7', 'DEM', 'EVI_sin_1', 'Mean_NDBI', 'Mean_NDVI', 'NDBI_cos_2', 'NDBI_sin_3', 'NDVI_cos_1', 'NDVI_sin_3', 'SLOPE', 'lrad', 'srad', 'wind')",0.00712273170462426,0.004443427740744758,0.0025654142022436366,Landsat_2014_2016
15,"(3, 8, 11, 16, 21, 22, 25, 29, 32, 37, 38, 39, 40, 44, 46)",[0.93048128 0.92179144 0.92713904 0.92713904],0.9266377005347594,"('B2', 'B7', 'DEM', 'EVI_sin_1', 'Mean_NDBI', 'Mean_NDVI', 'NDBI_cos_2', 'NDBI_sin_3', 'NDVI_cos_1', 'NDVI_sin_3', 'NDVI_t', 'SLOPE', 'lrad', 'srad', 'wind')",0.004990012302781809,0.003112957220955437,0.0017972666894944108,Landsat_2014_2016
16,"(3, 8, 11, 16, 21, 22, 25, 29, 32, 33, 37, 38, 39, 40, 44, 46)",[0.92780749 0.92112299 0.92981283 0.93181818],0.9276403743315508,"('B2', 'B7', 'DEM', 'EVI_sin_1', 'Mean_NDBI', 'Mean_NDVI', 'NDBI_cos_2', 'NDBI_sin_3', 'NDVI_cos_1', 'NDVI_cos_2', 'NDVI_sin_3', 'NDVI_t', 'SLOPE', 'lrad', 'srad', 'wind')",0.006445790125959609,0.0040211261415494335,0.0023215982602690067,Landsat_2014_2016
17,"(3, 8, 11, 13, 16, 21, 22, 25, 29, 32, 33, 37, 38, 39, 40, 44, 46)",[0.92446524 0.91911765 0.92580214 0.93248663],0.9254679144385027,"('B2', 'B7', 'DEM', 'EVI_cos_1', 'EVI_sin_1', 'Mean_NDBI', 'Mean_NDVI', 'NDBI_cos_2', 'NDBI_sin_3', 'NDVI_cos_1', 'NDVI_cos_2', 'NDVI_sin_3', 'NDVI_t', 'SLOPE', 'lrad', 'srad', 'wind')",0.007633345038776877,0.00476196752967081,0.002749323235127699,Landsat_2014_2016
18,"(2, 3, 8, 11, 13, 16, 21, 22, 25, 29, 32, 33, 37, 38, 39, 40, 44, 46)",[0.92914439 0.92580214 0.93048128 0.92245989],0.9269719251336899,"('B11', 'B2', 'B7', 'DEM', 'EVI_cos_1', 'EVI_sin_1', 'Mean_NDBI', 'Mean_NDVI', 'NDBI_cos_2', 'NDBI_sin_3', 'NDVI_cos_1', 'NDVI_cos_2', 'NDVI_sin_3', 'NDVI_t', 'SLOPE', 'lrad', 'srad', 'wind')",0.0049900123027817895,0.003112957220955425,0.001797266689494404,Landsat_2014_2016
19,"(2, 3, 8, 10, 11, 13, 16, 21, 22, 25, 29, 32, 33, 37, 38, 39, 40, 44, 46)",[0.93315508 0.92112299 0.92847594 0.92580214],0.9271390374331551,"('B11', 'B2', 'B7', 'B9', 'DEM', 'EVI_cos_1', 'EVI_sin_1', 'Mean_NDBI', 'Mean_NDVI', 'NDBI_cos_2', 'NDBI_sin_3', 'NDVI_cos_1', 'NDVI_cos_2', 'NDVI_sin_3', 'NDVI_t', 'SLOPE', 'lrad', 'srad', 'wind')",0.006985400892182087,0.004357755618450947,0.002515951379375259,Landsat_2014_2016
20,"(2, 3, 4, 8, 10, 11, 13, 16, 21, 22, 25, 29, 32, 33, 37, 38, 39, 40, 44, 46)",[0.92914439 0.92580214 0.92981283 0.92379679],0.9271390374331551,"('B11', 'B2', 'B3', 'B7', 'B9', 'DEM', 'EVI_cos_1', 'EVI_sin_1', 'Mean_NDBI', 'Mean_NDVI', 'NDBI_cos_2', 'NDBI_sin_3', 'NDVI_cos_1', 'NDVI_cos_2', 'NDVI_sin_3', 'NDVI_t', 'SLOPE', 'lrad', 'srad', 'wind')",0.003936984949487091,0.0024560391805981087,0.0014179948820585858,Landsat_2014_2016
1,"(3,)",[0.79650772 0.81317204 0.80241935 0.79905914],0.8027895652346599,"('B2',)",0.010179578687228465,0.006350403778168304,0.0036664073307882865,Landsat_2017_2019
2,"(3, 22)",[0.81195433 0.83669355 0.80645161 0.82392473],0.8197560560598511,"('B2', 'Mean_NDVI')",0.018661684062591635,0.011641859905926123,0.006721430950554358,Landsat_2017_2019
3,"(3, 16, 22)",[0.82404298 0.84475806 0.84274194 0.83602151],0.8368911218108422,"('B2', 'EVI_sin_1', 'Mean_NDVI')",0.012972064897332302,0.008092461629872427,0.004672184900413563,Landsat_2017_2019
4,"(3, 16, 22, 45)",[0.85829416 0.88037634 0.88306452 0.875     ],0.8741837543418762,"('B2', 'EVI_sin_1', 'Mean_NDVI', 'temp')",0.015424513512970224,0.009622391250049166,0.005555490178463786,Landsat_2017_2019
5,"(3, 8, 16, 22, 45)",[0.88515782 0.8938172  0.90591398 0.88172043],0.891652359236552,"('B2', 'B7', 'EVI_sin_1', 'Mean_NDVI', 'temp')",0.014970990498434639,0.009339466548204046,0.005392143525693111,Landsat_2017_2019
6,"(3, 8, 16, 18, 22, 45)",[0.89254533 0.90725806 0.91733871 0.89448925],0.9029078384858136,"('B2', 'B7', 'EVI_sin_1', 'EVI_sin_3', 'Mean_NDVI', 'temp')",0.0161382233846252,0.010067630292325066,0.005812549059375508,Landsat_2017_2019
7,"(3, 8, 16, 18, 22, 32, 45)",[0.88985897 0.91263441 0.92002688 0.90456989],0.9067725371361308,"('B2', 'B7', 'EVI_sin_1', 'EVI_sin_3', 'Mean_NDVI', 'NDVI_cos_1', 'temp')",0.017939067971146846,0.011191064829010656,0.0064611642915478554,Landsat_2017_2019
8,"(3, 8, 11, 16, 18, 22, 32, 45)",[0.89724647 0.91263441 0.92271505 0.90793011],0.9101315110090484,"('B2', 'B7', 'DEM', 'EVI_sin_1', 'EVI_sin_3', 'Mean_NDVI', 'NDVI_cos_1', 'temp')",0.01468020236278923,0.009158061980098893,0.005287409549465372,Landsat_2017_2019
9,"(3, 8, 11, 16, 18, 22, 32, 43, 45)",[0.90261921 0.91599462 0.91935484 0.91330645],0.9128187803750805,"('B2', 'B7', 'DEM', 'EVI_sin_1', 'EVI_sin_3', 'Mean_NDVI', 'NDVI_cos_1', 'shum', 'temp')",0.010045052431791436,0.006266481243941818,0.0036179546330615494,Landsat_2017_2019
10,"(3, 8, 11, 16, 18, 22, 27, 32, 43, 45)",[0.90664876 0.92271505 0.92473118 0.90994624],0.9160103076684214,"('B2', 'B7', 'DEM', 'EVI_sin_1', 'EVI_sin_3', 'Mean_NDVI', 'NDBI_sin_1', 'NDVI_cos_1', 'shum', 'temp')",0.012556032676380016,0.00783292509413251,0.00452234141163958,Landsat_2017_2019
11,"(3, 8, 11, 14, 16, 18, 22, 27, 32, 43, 45)",[0.91000672 0.92204301 0.92741935 0.91061828],0.9175218402695032,"('B2', 'B7', 'DEM', 'EVI_cos_2', 'EVI_sin_1', 'EVI_sin_3', 'Mean_NDVI', 'NDBI_sin_1', 'NDVI_cos_1', 'shum', 'temp')",0.011956403954258597,0.007458854160604038,0.004306371457470902,Landsat_2017_2019
12,"(3, 8, 11, 14, 16, 17, 18, 22, 27, 32, 43, 45)",[0.90530557 0.92741935 0.92405914 0.91801075],0.918698705380677,"('B2', 'B7', 'DEM', 'EVI_cos_2', 'EVI_sin_1', 'EVI_sin_2', 'EVI_sin_3', 'Mean_NDVI', 'NDBI_sin_1', 'NDVI_cos_1', 'shum', 'temp')",0.01352201038840451,0.008435538296559348,0.0048702603062779366,Landsat_2017_2019
13,"(3, 8, 11, 14, 16, 17, 18, 19, 22, 27, 32, 43, 45)",[0.90597717 0.9233871  0.92741935 0.91935484],0.9190346140514309,"('B2', 'B7', 'DEM', 'EVI_cos_2', 'EVI_sin_1', 'EVI_sin_2', 'EVI_sin_3', 'EVI_t', 'Mean_NDVI', 'NDBI_sin_1', 'NDVI_cos_1', 'shum', 'temp')",0.012919857487949401,0.008059892685716663,0.004653381211738011,Landsat_2017_2019
14,"(3, 8, 11, 14, 16, 17, 18, 19, 22, 27, 32, 39, 43, 45)",[0.91605104 0.92607527 0.9280914  0.91801075],0.9220571150804827,"('B2', 'B7', 'DEM', 'EVI_cos_2', 'EVI_sin_1', 'EVI_sin_2', 'EVI_sin_3', 'EVI_t', 'Mean_NDVI', 'NDBI_sin_1', 'NDVI_cos_1', 'SLOPE', 'shum', 'temp')",0.008212995833731628,0.005123575481374863,0.002958097683385143,Landsat_2017_2019
15,"(3, 8, 10, 11, 14, 16, 17, 18, 19, 22, 27, 32, 39, 43, 45)",[0.91000672 0.9327957  0.92943548 0.92002688],0.9230661951082129,"('B2', 'B7', 'B9', 'DEM', 'EVI_cos_2', 'EVI_sin_1', 'EVI_sin_2', 'EVI_sin_3', 'EVI_t', 'Mean_NDVI', 'NDBI_sin_1', 'NDVI_cos_1', 'SLOPE', 'shum', 'temp')",0.014225466008546309,0.008874380351341722,0.005123625884738269,Landsat_2017_2019
16,"(3, 8, 9, 10, 11, 14, 16, 17, 18, 19, 22, 27, 32, 39, 43, 45)",[0.91403627 0.92405914 0.93077957 0.92271505],0.9228975073477906,"('B2', 'B7', 'B8', 'B9', 'DEM', 'EVI_cos_2', 'EVI_sin_1', 'EVI_sin_2', 'EVI_sin_3', 'EVI_t', 'Mean_NDVI', 'NDBI_sin_1', 'NDVI_cos_1', 'SLOPE', 'shum', 'temp')",0.0095519123456095,0.005958841923820932,0.003440338988776443,Landsat_2017_2019
17,"(3, 8, 9, 10, 11, 13, 14, 16, 17, 18, 19, 22, 27, 32, 39, 43, 45)",[0.91605104 0.92607527 0.93413978 0.91935484],0.9239052333600526,"('B2', 'B7', 'B8', 'B9', 'DEM', 'EVI_cos_1', 'EVI_cos_2', 'EVI_sin_1', 'EVI_sin_2', 'EVI_sin_3', 'EVI_t', 'Mean_NDVI', 'NDBI_sin_1', 'NDVI_cos_1', 'SLOPE', 'shum', 'temp')",0.011101427769952935,0.006925487883090954,0.0039984322935720535,Landsat_2017_2019
18,"(3, 8, 9, 10, 11, 13, 14, 16, 17, 18, 19, 22, 23, 27, 32, 39, 43, 45)",[0.91000672 0.92943548 0.9327957  0.92069892],0.9232342058609011,"('B2', 'B7', 'B8', 'B9', 'DEM', 'EVI_cos_1', 'EVI_cos_2', 'EVI_sin_1', 'EVI_sin_2', 'EVI_sin_3', 'EVI_t', 'Mean_NDVI', 'NDBI_constant', 'NDBI_sin_1', 'NDVI_cos_1', 'SLOPE', 'shum', 'temp')",0.01414062461321693,0.008821453100224667,0.0050930683220583705,Landsat_2017_2019
19,"(3, 6, 8, 9, 10, 11, 13, 14, 16, 17, 18, 19, 22, 23, 27, 32, 39, 43, 45)",[0.91739422 0.92876344 0.92741935 0.92405914],0.9244090399488722,"('B2', 'B5', 'B7', 'B8', 'B9', 'DEM', 'EVI_cos_1', 'EVI_cos_2', 'EVI_sin_1', 'EVI_sin_2', 'EVI_sin_3', 'EVI_t', 'Mean_NDVI', 'NDBI_constant', 'NDBI_sin_1', 'NDVI_cos_1', 'SLOPE', 'shum', 'temp')",0.007049148968250077,0.004397524064233584,0.002538911702253117,Landsat_2017_2019
20,"(3, 6, 8, 9, 10, 11, 13, 14, 16, 17, 18, 19, 22, 23, 27, 32, 39, 43, 44, 45)",[0.90799194 0.92674731 0.93413978 0.92540323],0.9235705658701444,"('B2', 'B5', 'B7', 'B8', 'B9', 'DEM', 'EVI_cos_1', 'EVI_cos_2', 'EVI_sin_1', 'EVI_sin_2', 'EVI_sin_3', 'EVI_t', 'Mean_NDVI', 'NDBI_constant', 'NDBI_sin_1', 'NDVI_cos_1', 'SLOPE', 'shum', 'srad', 'temp')",0.015372171078339415,0.009589738072068919,0.005536637857366993,Landsat_2017_2019
1,"(18,)",[0.74468085 0.75731383 0.75132979 0.74384564],0.7492925275335853,"('Landsat_B8',)",0.008758933999246803,0.005464152227766491,0.003154729759594077,Sentinel_2014_2016
2,"(18, 22)",[0.77593085 0.78058511 0.76529255 0.77378576],0.773898568112003,"('Landsat_B8', 'Mean_NDVI')",0.008885932427501584,0.005543378620468031,0.003200471138747234,Sentinel_2014_2016
3,"(18, 22, 56)",[0.82712766 0.82779255 0.82114362 0.82767798],0.8259354517914526,"('Landsat_B8', 'Mean_NDVI', 'shum')",0.004453019011209403,0.0027779606231167794,0.0016038563135546532,Sentinel_2014_2016
4,"(18, 22, 43, 56)",[0.87898936 0.88829787 0.86835106 0.88622754],0.8804664606956301,"('Landsat_B8', 'Mean_NDVI', 'Sentinel_B12', 'shum')",0.01250648463174362,0.007802015161656172,0.004504495553803732,Sentinel_2014_2016
5,"(0, 18, 22, 43, 56)",[0.91223404 0.91821809 0.8956117  0.91350632],0.9098925376197959,"('DEM', 'Landsat_B8', 'Mean_NDVI', 'Sentinel_B12', 'shum')",0.013691165645489873,0.008541063703523357,0.004931185428394952,Sentinel_2014_2016
6,"(0, 5, 18, 22, 43, 56)",[0.91821809 0.9275266  0.91156915 0.92348636],0.9202000475998358,"('DEM', 'EVI_sin_1', 'Landsat_B8', 'Mean_NDVI', 'Sentinel_B12', 'shum')",0.00958104058985077,0.005977013217345412,0.003450830189984325,Sentinel_2014_2016
7,"(0, 5, 18, 22, 43, 52, 56)",[0.92553191 0.93949468 0.91422872 0.9261477 ],0.9263507559349387,"('DEM', 'EVI_sin_1', 'Landsat_B8', 'Mean_NDVI', 'Sentinel_B12', 'Sentinel_B9', 'shum')",0.01434686569875247,0.008950114040823479,0.005167350750747285,Sentinel_2014_2016
8,"(0, 5, 18, 21, 22, 43, 52, 56)",[0.93351064 0.94348404 0.92486702 0.92747838],0.9323350196769582,"('DEM', 'EVI_sin_1', 'Landsat_B8', 'Mean_NDBI', 'Mean_NDVI', 'Sentinel_B12', 'Sentinel_B9', 'shum')",0.011476741053398144,0.007159622415218248,0.004133609928722333,Sentinel_2014_2016
9,"(0, 5, 18, 21, 22, 43, 52, 56, 57)",[0.93417553 0.95013298 0.92486702 0.93213573],0.935327815114452,"('DEM', 'EVI_sin_1', 'Landsat_B8', 'Mean_NDBI', 'Mean_NDVI', 'Sentinel_B12', 'Sentinel_B9', 'shum', 'srad')",0.014781761982191612,0.009221418687736642,0.005323988561674996,Sentinel_2014_2016
10,"(0, 5, 18, 21, 22, 43, 49, 52, 56, 57)",[0.93617021 0.94880319 0.92420213 0.93745842],0.9366584871038065,"('DEM', 'EVI_sin_1', 'Landsat_B8', 'Mean_NDBI', 'Mean_NDVI', 'Sentinel_B12', 'Sentinel_B7', 'Sentinel_B9', 'shum', 'srad')",0.013963730222567583,0.008711099730872971,0.005029355774557186,Sentinel_2014_2016
11,"(0, 5, 18, 21, 22, 37, 43, 49, 52, 56, 57)",[0.93151596 0.95146277 0.92885638 0.93878909],0.9376560487181665,"('DEM', 'EVI_sin_1', 'Landsat_B8', 'Mean_NDBI', 'Mean_NDVI', 'NDVI_sin_3', 'Sentinel_B12', 'Sentinel_B7', 'Sentinel_B9', 'shum', 'srad')",0.014044258572349705,0.008761336342074535,0.005058359895557585,Sentinel_2014_2016
12,"(0, 5, 8, 18, 21, 22, 37, 43, 49, 52, 56, 57)",[0.93484043 0.95279255 0.9268617  0.9427811 ],0.9393189463272038,"('DEM', 'EVI_sin_1', 'EVI_t', 'Landsat_B8', 'Mean_NDBI', 'Mean_NDVI', 'NDVI_sin_3', 'Sentinel_B12', 'Sentinel_B7', 'Sentinel_B9', 'shum', 'srad')",0.015391223344984505,0.009601623592069609,0.00554349996553885,Sentinel_2014_2016
13,"(0, 5, 8, 18, 21, 22, 37, 43, 49, 52, 54, 56, 57)",[0.93683511 0.95545213 0.9268617  0.94211577],0.9403161761583216,"('DEM', 'EVI_sin_1', 'EVI_t', 'Landsat_B8', 'Mean_NDBI', 'Mean_NDVI', 'NDVI_sin_3', 'Sentinel_B12', 'Sentinel_B7', 'Sentinel_B9', 'prec', 'shum', 'srad')",0.016532409125008005,0.010313538172399482,0.005954524040132322,Sentinel_2014_2016
14,"(0, 5, 8, 18, 21, 22, 37, 39, 43, 49, 52, 54, 56, 57)",[0.94547872 0.94946809 0.93617021 0.9407851 ],0.9429755294375788,"('DEM', 'EVI_sin_1', 'EVI_t', 'Landsat_B8', 'Mean_NDBI', 'Mean_NDVI', 'NDVI_sin_3', 'SLOPE', 'Sentinel_B12', 'Sentinel_B7', 'Sentinel_B9', 'prec', 'shum', 'srad')",0.007996032989942886,0.004988225905007151,0.0028799535690345428,Sentinel_2014_2016
15,"(0, 5, 8, 17, 18, 21, 22, 37, 39, 43, 49, 52, 54, 56, 57)",[0.9375     0.95212766 0.93550532 0.9427811 ],0.9419785207952889,"('DEM', 'EVI_sin_1', 'EVI_t', 'Landsat_B7', 'Landsat_B8', 'Mean_NDBI', 'Mean_NDVI', 'NDVI_sin_3', 'SLOPE', 'Sentinel_B12', 'Sentinel_B7', 'Sentinel_B9', 'prec', 'shum', 'srad')",0.010314305059858886,0.006434451153021307,0.0037149321052843496,Sentinel_2014_2016
16,"(0, 5, 8, 17, 18, 21, 22, 37, 39, 43, 49, 52, 54, 55, 56, 57)",[0.93816489 0.95212766 0.93484043 0.94876913],0.9434755267833128,"('DEM', 'EVI_sin_1', 'EVI_t', 'Landsat_B7', 'Landsat_B8', 'Mean_NDBI', 'Mean_NDVI', 'NDVI_sin_3', 'SLOPE', 'Sentinel_B12', 'Sentinel_B7', 'Sentinel_B9', 'prec', 'pres', 'shum', 'srad')",0.011493762286493164,0.007170240900155281,0.004139740513859116,Sentinel_2014_2016
17,"(0, 5, 7, 8, 17, 18, 21, 22, 37, 39, 43, 49, 52, 54, 55, 56, 57)",[0.94215426 0.95412234 0.93882979 0.94145043],0.94413920386178,"('DEM', 'EVI_sin_1', 'EVI_sin_3', 'EVI_t', 'Landsat_B7', 'Landsat_B8', 'Mean_NDBI', 'Mean_NDVI', 'NDVI_sin_3', 'SLOPE', 'Sentinel_B12', 'Sentinel_B7', 'Sentinel_B9', 'prec', 'pres', 'shum', 'srad')",0.009450198053483516,0.005895388725524921,0.003403704267659298,Sentinel_2014_2016
18,"(0, 5, 7, 8, 16, 17, 18, 21, 22, 37, 39, 43, 49, 52, 54, 55, 56, 57)",[0.93882979 0.95478723 0.94215426 0.94943446],0.9463014352500673,"('DEM', 'EVI_sin_1', 'EVI_sin_3', 'EVI_t', 'Landsat_B6', 'Landsat_B7', 'Landsat_B8', 'Mean_NDBI', 'Mean_NDVI', 'NDVI_sin_3', 'SLOPE', 'Sentinel_B12', 'Sentinel_B7', 'Sentinel_B9', 'prec', 'pres', 'shum', 'srad')",0.009973625593993635,0.006221922497990685,0.0035922286290919108,Sentinel_2014_2016
19,"(0, 5, 7, 8, 16, 17, 18, 21, 22, 24, 37, 39, 43, 49, 52, 54, 55, 56, 57)",[0.94148936 0.95212766 0.93882979 0.94544245],0.9444723142367747,"('DEM', 'EVI_sin_1', 'EVI_sin_3', 'EVI_t', 'Landsat_B6', 'Landsat_B7', 'Landsat_B8', 'Mean_NDBI', 'Mean_NDVI', 'NDBI_cos_1', 'NDVI_sin_3', 'SLOPE', 'Sentinel_B12', 'Sentinel_B7', 'Sentinel_B9', 'prec', 'pres', 'shum', 'srad')",0.008026183275487951,0.005007034786309718,0.002890812881717736,Sentinel_2014_2016
20,"(0, 4, 5, 7, 8, 16, 17, 18, 21, 22, 24, 37, 39, 43, 49, 52, 54, 55, 56, 57)",[0.93816489 0.95545213 0.94015957 0.94477711],0.9446384270466159,"('DEM', 'EVI_cos_3', 'EVI_sin_1', 'EVI_sin_3', 'EVI_t', 'Landsat_B6', 'Landsat_B7', 'Landsat_B8', 'Mean_NDBI', 'Mean_NDVI', 'NDBI_cos_1', 'NDVI_sin_3', 'SLOPE', 'Sentinel_B12', 'Sentinel_B7', 'Sentinel_B9', 'prec', 'pres', 'shum', 'srad')",0.01072088095944928,0.0066880884800857715,0.003861369684341555,Sentinel_2014_2016
1,"(9,)",[0.79326288 0.83025099 0.82892999 0.81229346],0.8161843285100245,"('Landsat_B1',)",0.02405613160780231,0.015007119031553409,0.008664364212628116,Sentinel_2017_2019
2,"(9, 17)",[0.82364597 0.83553501 0.85006605 0.84600132],0.838812087404537,"('Landsat_B1', 'Landsat_B7')",0.01640781021511182,0.010235808689434423,0.0059096469022184754,Sentinel_2017_2019
3,"(9, 17, 52)",[0.90224571 0.88705416 0.90554822 0.9107733 ],0.901405345656883,"('Landsat_B1', 'Landsat_B7', 'Sentinel_B9')",0.014147720504100863,0.00882587978365267,0.005095624068927145,Sentinel_2017_2019
4,"(9, 17, 35, 52)",[0.91941876 0.91611625 0.92932629 0.92002644],0.9212219330312981,"('Landsat_B1', 'Landsat_B7', 'NDVI_sin_1', 'Sentinel_B9')",0.007870509119249856,0.004909919396732949,0.0028347432854031332,Sentinel_2017_2019
5,"(9, 17, 35, 44, 52)",[0.92470277 0.92602378 0.94253633 0.92663582],0.9299746756642782,"('Landsat_B1', 'Landsat_B7', 'NDVI_sin_1', 'Sentinel_B2', 'Sentinel_B9')",0.011679387727406126,0.0072860410268124655,0.0042065977481568345,Sentinel_2017_2019
6,"(9, 17, 35, 44, 52, 57)",[0.93659181 0.92998679 0.93659181 0.9365499 ],0.9349300775926122,"('Landsat_B1', 'Landsat_B7', 'NDVI_sin_1', 'Sentinel_B2', 'Sentinel_B9', 'srad')",0.0045750044555501095,0.002854059728042867,0.0016477921522688194,Sentinel_2017_2019
7,"(9, 17, 29, 35, 44, 52, 57)",[0.93725231 0.93725231 0.94715984 0.93787178],0.939884060729512,"('Landsat_B1', 'Landsat_B7', 'NDBI_sin_3', 'NDVI_sin_1', 'Sentinel_B2', 'Sentinel_B9', 'srad')",0.006745793823145167,0.00420827972330443,0.0024296514310750564,Sentinel_2017_2019
8,"(9, 17, 29, 35, 44, 50, 52, 57)",[0.93857332 0.93923382 0.94187583 0.94448116],0.9410410305751736,"('Landsat_B1', 'Landsat_B7', 'NDBI_sin_3', 'NDVI_sin_1', 'Sentinel_B2', 'Sentinel_B8', 'Sentinel_B9', 'srad')",0.0037496600060985255,0.002339178840421909,0.0013505255332002658,Sentinel_2017_2019
9,"(9, 17, 29, 35, 39, 44, 50, 52, 57)",[0.94055482 0.93857332 0.94715984 0.94249835],0.9421965816294012,"('Landsat_B1', 'Landsat_B7', 'NDBI_sin_3', 'NDVI_sin_1', 'SLOPE', 'Sentinel_B2', 'Sentinel_B8', 'Sentinel_B9', 'srad')",0.005103704931562046,0.0031838829558546358,0.0018382156816309353,Sentinel_2017_2019
10,"(9, 17, 27, 29, 35, 39, 44, 50, 52, 57)",[0.94385733 0.94385733 0.94980185 0.94249835],0.9450037150508015,"('Landsat_B1', 'Landsat_B7', 'NDBI_sin_1', 'NDBI_sin_3', 'NDVI_sin_1', 'SLOPE', 'Sentinel_B2', 'Sentinel_B8', 'Sentinel_B9', 'srad')",0.004528766189865239,0.002825214560072453,0.001631138386776281,Sentinel_2017_2019
11,"(9, 17, 27, 29, 35, 39, 44, 50, 52, 57, 59)",[0.94385733 0.94253633 0.94980185 0.94382022],0.9450039333264068,"('Landsat_B1', 'Landsat_B7', 'NDBI_sin_1', 'NDBI_sin_3', 'NDVI_sin_1', 'SLOPE', 'Sentinel_B2', 'Sentinel_B8', 'Sentinel_B9', 'srad', 'wind')",0.004521497067838757,0.0028206798085469455,0.001628520246762321,Sentinel_2017_2019
12,"(0, 9, 17, 27, 29, 35, 39, 44, 50, 52, 57, 59)",[0.94451783 0.94055482 0.95244386 0.9451421 ],0.945664653583518,"('DEM', 'Landsat_B1', 'Landsat_B7', 'NDBI_sin_1', 'NDBI_sin_3', 'NDVI_sin_1', 'SLOPE', 'Sentinel_B2', 'Sentinel_B8', 'Sentinel_B9', 'srad', 'wind')",0.006878650558332881,0.004291160748051523,0.0024775028130235026,Sentinel_2017_2019
13,"(0, 9, 17, 27, 29, 35, 39, 44, 50, 52, 56, 57, 59)",[0.94055482 0.94253633 0.95376486 0.94910773],0.9464909358872161,"('DEM', 'Landsat_B1', 'Landsat_B7', 'NDBI_sin_1', 'NDBI_sin_3', 'NDVI_sin_1', 'SLOPE', 'Sentinel_B2', 'Sentinel_B8', 'Sentinel_B9', 'shum', 'srad', 'wind')",0.008430294935501627,0.005259134828109328,0.003036362908713457,Sentinel_2017_2019
14,"(0, 9, 17, 23, 27, 29, 35, 39, 44, 50, 52, 56, 57, 59)",[0.94649934 0.94253633 0.95244386 0.95175149],0.9483077528875681,"('DEM', 'Landsat_B1', 'Landsat_B7', 'NDBI_constant', 'NDBI_sin_1', 'NDBI_sin_3', 'NDVI_sin_1', 'SLOPE', 'Sentinel_B2', 'Sentinel_B8', 'Sentinel_B9', 'shum', 'srad', 'wind')",0.00648892574462532,0.004048035761698255,0.0023371345367057196,Sentinel_2017_2019
15,"(0, 9, 17, 23, 27, 29, 33, 35, 39, 44, 50, 52, 56, 57, 59)",[0.94715984 0.94385733 0.95442536 0.94844679],0.9484723326939313,"('DEM', 'Landsat_B1', 'Landsat_B7', 'NDBI_constant', 'NDBI_sin_1', 'NDBI_sin_3', 'NDVI_cos_2', 'NDVI_sin_1', 'SLOPE', 'Sentinel_B2', 'Sentinel_B8', 'Sentinel_B9', 'shum', 'srad', 'wind')",0.00612813356451701,0.0038229600395990743,0.0022071870079637076,Sentinel_2017_2019
16,"(0, 9, 17, 23, 27, 29, 33, 35, 39, 43, 44, 50, 52, 56, 57, 59)",[0.94782034 0.94848085 0.95046235 0.94910773],0.9489678183178634,"('DEM', 'Landsat_B1', 'Landsat_B7', 'NDBI_constant', 'NDBI_sin_1', 'NDBI_sin_3', 'NDVI_cos_2', 'NDVI_sin_1', 'SLOPE', 'Sentinel_B12', 'Sentinel_B2', 'Sentinel_B8', 'Sentinel_B9', 'shum', 'srad', 'wind')",0.001563840836038902,0.0009755826894972589,0.0005632529283979815,Sentinel_2017_2019
17,"(0, 9, 17, 23, 27, 29, 33, 35, 39, 40, 43, 44, 50, 52, 56, 57, 59)",[0.94649934 0.94715984 0.94980185 0.95241243],0.9489683640068766,"('DEM', 'Landsat_B1', 'Landsat_B7', 'NDBI_constant', 'NDBI_sin_1', 'NDBI_sin_3', 'NDVI_cos_2', 'NDVI_sin_1', 'SLOPE', 'Sentinel_B1', 'Sentinel_B12', 'Sentinel_B2', 'Sentinel_B8', 'Sentinel_B9', 'shum', 'srad', 'wind')",0.003752747924567194,0.002341105200020142,0.0013516377174328615,Sentinel_2017_2019
18,"(0, 9, 16, 17, 23, 27, 29, 33, 35, 39, 40, 43, 44, 50, 52, 56, 57, 59)",[0.94980185 0.94914135 0.95112285 0.95307336],0.9507848535938205,"('DEM', 'Landsat_B1', 'Landsat_B6', 'Landsat_B7', 'NDBI_constant', 'NDBI_sin_1', 'NDBI_sin_3', 'NDVI_cos_2', 'NDVI_sin_1', 'SLOPE', 'Sentinel_B1', 'Sentinel_B12', 'Sentinel_B2', 'Sentinel_B8', 'Sentinel_B9', 'shum', 'srad', 'wind')",0.0024069999421340933,0.0015015770294851867,0.0008669359021822311,Sentinel_2017_2019
19,"(0, 9, 16, 17, 23, 27, 28, 29, 33, 35, 39, 40, 43, 44, 50, 52, 56, 57, 59)",[0.94980185 0.94715984 0.95310436 0.95109055],0.9502891496942831,"('DEM', 'Landsat_B1', 'Landsat_B6', 'Landsat_B7', 'NDBI_constant', 'NDBI_sin_1', 'NDBI_sin_2', 'NDBI_sin_3', 'NDVI_cos_2', 'NDVI_sin_1', 'SLOPE', 'Sentinel_B1', 'Sentinel_B12', 'Sentinel_B2', 'Sentinel_B8', 'Sentinel_B9', 'shum', 'srad', 'wind')",0.003456430404163353,0.0021562511938842217,0.0012449122072295071,Sentinel_2017_2019
20,"(0, 9, 16, 17, 23, 27, 28, 29, 33, 35, 39, 40, 43, 44, 50, 52, 54, 56, 57, 59)",[0.95112285 0.95112285 0.95112285 0.94910773],0.9506190732716282,"('DEM', 'Landsat_B1', 'Landsat_B6', 'Landsat_B7', 'NDBI_constant', 'NDBI_sin_1', 'NDBI_sin_2', 'NDBI_sin_3', 'NDVI_cos_2', 'NDVI_sin_1', 'SLOPE', 'Sentinel_B1', 'Sentinel_B12', 'Sentinel_B2', 'Sentinel_B8', 'Sentinel_B9', 'prec', 'shum', 'srad', 'wind')",0.00139871778422246,0.0008725727237279084,0.0005037800969318329,Sentinel_2017_2019
