year,seed,band,importance
Sentinel_2014_2016,0,DEM,25.801218219195352
Sentinel_2014_2016,0,EVI_constant,18.46398812513786
Sentinel_2014_2016,0,EVI_cos_1,24.0994405204553
Sentinel_2014_2016,0,EVI_cos_2,19.98821825688944
Sentinel_2014_2016,0,EVI_cos_3,21.05079738981675
Sentinel_2014_2016,0,EVI_sin_1,31.10183735351964
Sentinel_2014_2016,0,EVI_sin_2,25.404101972912223
Sentinel_2014_2016,0,EVI_sin_3,27.037393342913756
Sentinel_2014_2016,0,EVI_t,12.516648695426266
Sentinel_2014_2016,0,Landsat_B1,22.452090756377224
Sentinel_2014_2016,0,Landsat_B10,14.850184513938416
Sentinel_2014_2016,0,Landsat_B11,21.12375498793915
Sentinel_2014_2016,0,Landsat_B2,18.90002635449816
Sentinel_2014_2016,0,Landsat_B3,18.73452103704884
Sentinel_2014_2016,0,Landsat_B4,18.70613409358818
Sentinel_2014_2016,0,Landsat_B5,27.92153835361761
Sentinel_2014_2016,0,Landsat_B6,21.969256126270427
Sentinel_2014_2016,0,Landsat_B7,30.877338584997464
Sentinel_2014_2016,0,Landsat_B8,19.421835455025132
Sentinel_2014_2016,0,Landsat_B9,3.2782187134085667
Sentinel_2014_2016,0,Mean_EVI,27.829003963809754
Sentinel_2014_2016,0,Mean_NDBI,21.25920026246304
Sentinel_2014_2016,0,Mean_NDVI,20.31495450242041
Sentinel_2014_2016,0,NDBI_constant,27.53088121215768
Sentinel_2014_2016,0,NDBI_cos_1,30.696117033025935
Sentinel_2014_2016,0,NDBI_cos_2,19.94602541982559
Sentinel_2014_2016,0,NDBI_cos_3,24.815626055383177
Sentinel_2014_2016,0,NDBI_sin_1,28.136959710589775
Sentinel_2014_2016,0,NDBI_sin_2,27.050221940016716
Sentinel_2014_2016,0,NDBI_sin_3,24.486966379764457
Sentinel_2014_2016,0,NDBI_t,16.70321265851543
Sentinel_2014_2016,0,NDVI_constant,26.22858352840972
Sentinel_2014_2016,0,NDVI_cos_1,22.266993444969657
Sentinel_2014_2016,0,NDVI_cos_2,23.700165698761783
Sentinel_2014_2016,0,NDVI_cos_3,24.867145596160658
Sentinel_2014_2016,0,NDVI_sin_1,28.34995052359051
Sentinel_2014_2016,0,NDVI_sin_2,21.920030405538117
Sentinel_2014_2016,0,NDVI_sin_3,18.959643747113333
Sentinel_2014_2016,0,NDVI_t,18.33280294326937
Sentinel_2014_2016,0,SLOPE,22.338240324598996
Sentinel_2014_2016,0,Sentinel_B1,25.7233981532265
Sentinel_2014_2016,0,Sentinel_B10,21.50612627549961
Sentinel_2014_2016,0,Sentinel_B11,28.332597990053156
Sentinel_2014_2016,0,Sentinel_B12,38.14175753629836
Sentinel_2014_2016,0,Sentinel_B2,34.783382968801504
Sentinel_2014_2016,0,Sentinel_B3,26.006278924997424
Sentinel_2014_2016,0,Sentinel_B4,28.472808102989276
Sentinel_2014_2016,0,Sentinel_B5,30.08117650259497
Sentinel_2014_2016,0,Sentinel_B6,24.523387961832164
Sentinel_2014_2016,0,Sentinel_B7,24.752777349878464
Sentinel_2014_2016,0,Sentinel_B8,33.431242128893956
Sentinel_2014_2016,0,Sentinel_B8A,27.763061067559107
Sentinel_2014_2016,0,Sentinel_B9,31.169420550308512
Sentinel_2014_2016,0,lrad,26.626599953692427
Sentinel_2014_2016,0,prec,29.87646579566956
Sentinel_2014_2016,0,pres,25.824551642914663
Sentinel_2014_2016,0,random,19.154622532773033
Sentinel_2014_2016,0,shum,30.977988338064034
Sentinel_2014_2016,0,srad,24.615226833226252
Sentinel_2014_2016,0,temp,30.44917216719712
Sentinel_2014_2016,0,wind,22.18404629645607
Sentinel_2014_2016,1,DEM,27.189075154023215
Sentinel_2014_2016,1,EVI_constant,22.220877379212787
Sentinel_2014_2016,1,EVI_cos_1,14.266291296188424
Sentinel_2014_2016,1,EVI_cos_2,25.405867564061666
Sentinel_2014_2016,1,EVI_cos_3,20.373402118402726
Sentinel_2014_2016,1,EVI_sin_1,25.643888462059184
Sentinel_2014_2016,1,EVI_sin_2,29.67796522149538
Sentinel_2014_2016,1,EVI_sin_3,21.945358384930664
Sentinel_2014_2016,1,EVI_t,19.274328985734396
Sentinel_2014_2016,1,Landsat_B1,15.637867284215233
Sentinel_2014_2016,1,Landsat_B10,20.01575671696175
Sentinel_2014_2016,1,Landsat_B11,15.415352629400111
Sentinel_2014_2016,1,Landsat_B2,14.238260717606819
Sentinel_2014_2016,1,Landsat_B3,17.100958017985683
Sentinel_2014_2016,1,Landsat_B4,19.0360358573171
Sentinel_2014_2016,1,Landsat_B5,24.436027147590874
Sentinel_2014_2016,1,Landsat_B6,23.21798017905974
Sentinel_2014_2016,1,Landsat_B7,31.04687260055283
Sentinel_2014_2016,1,Landsat_B8,24.264836225190326
Sentinel_2014_2016,1,Landsat_B9,3.386630548722913
Sentinel_2014_2016,1,Mean_EVI,20.0824056313683
Sentinel_2014_2016,1,Mean_NDBI,21.448366418915896
Sentinel_2014_2016,1,Mean_NDVI,17.931095900314762
Sentinel_2014_2016,1,NDBI_constant,19.20352221324963
Sentinel_2014_2016,1,NDBI_cos_1,26.582721010061036
Sentinel_2014_2016,1,NDBI_cos_2,18.308351391380913
Sentinel_2014_2016,1,NDBI_cos_3,28.925431855853198
Sentinel_2014_2016,1,NDBI_sin_1,30.574994406836545
Sentinel_2014_2016,1,NDBI_sin_2,25.141960567222903
Sentinel_2014_2016,1,NDBI_sin_3,26.062192417552023
Sentinel_2014_2016,1,NDBI_t,14.87371402379925
Sentinel_2014_2016,1,NDVI_constant,26.469872050995672
Sentinel_2014_2016,1,NDVI_cos_1,26.44796751449447
Sentinel_2014_2016,1,NDVI_cos_2,17.715994765409295
Sentinel_2014_2016,1,NDVI_cos_3,23.16081202091007
Sentinel_2014_2016,1,NDVI_sin_1,26.987731799697336
Sentinel_2014_2016,1,NDVI_sin_2,20.763460505394477
Sentinel_2014_2016,1,NDVI_sin_3,21.230777027949948
Sentinel_2014_2016,1,NDVI_t,13.393805031626142
Sentinel_2014_2016,1,SLOPE,23.05151287637742
Sentinel_2014_2016,1,Sentinel_B1,31.162857354136978
Sentinel_2014_2016,1,Sentinel_B10,16.51085576328962
Sentinel_2014_2016,1,Sentinel_B11,29.7738478713417
Sentinel_2014_2016,1,Sentinel_B12,38.07898539934683
Sentinel_2014_2016,1,Sentinel_B2,30.034582458026097
Sentinel_2014_2016,1,Sentinel_B3,26.358214508361016
Sentinel_2014_2016,1,Sentinel_B4,29.255152948719036
Sentinel_2014_2016,1,Sentinel_B5,25.388073309329535
Sentinel_2014_2016,1,Sentinel_B6,23.632274419662576
Sentinel_2014_2016,1,Sentinel_B7,21.517603378217387
Sentinel_2014_2016,1,Sentinel_B8,33.5961662463151
Sentinel_2014_2016,1,Sentinel_B8A,25.689406549212762
Sentinel_2014_2016,1,Sentinel_B9,32.01120472850907
Sentinel_2014_2016,1,lrad,34.249494685140576
Sentinel_2014_2016,1,prec,33.34449174257294
Sentinel_2014_2016,1,pres,23.532596209730325
Sentinel_2014_2016,1,random,17.28406113314282
Sentinel_2014_2016,1,shum,33.582990162032516
Sentinel_2014_2016,1,srad,30.81511302215085
Sentinel_2014_2016,1,temp,28.054463488855788
Sentinel_2014_2016,1,wind,17.633540418446376
Sentinel_2014_2016,2,DEM,27.051659326694352
Sentinel_2014_2016,2,EVI_constant,20.600509496830107
Sentinel_2014_2016,2,EVI_cos_1,26.55329491636312
Sentinel_2014_2016,2,EVI_cos_2,21.379276556618446
Sentinel_2014_2016,2,EVI_cos_3,23.904879857389506
Sentinel_2014_2016,2,EVI_sin_1,25.609577406075672
Sentinel_2014_2016,2,EVI_sin_2,24.609226662477656
Sentinel_2014_2016,2,EVI_sin_3,31.151195056578214
Sentinel_2014_2016,2,EVI_t,13.254941963457854
Sentinel_2014_2016,2,Landsat_B1,17.239919224563412
Sentinel_2014_2016,2,Landsat_B10,16.221673676900338
Sentinel_2014_2016,2,Landsat_B11,16.377699560673435
Sentinel_2014_2016,2,Landsat_B2,22.38048143178814
Sentinel_2014_2016,2,Landsat_B3,22.876457128201675
Sentinel_2014_2016,2,Landsat_B4,16.841755482462446
Sentinel_2014_2016,2,Landsat_B5,24.210262284439573
Sentinel_2014_2016,2,Landsat_B6,20.894118529124484
Sentinel_2014_2016,2,Landsat_B7,30.32721392554187
Sentinel_2014_2016,2,Landsat_B8,24.761121207033764
Sentinel_2014_2016,2,Landsat_B9,0.6460267069790879
Sentinel_2014_2016,2,Mean_EVI,24.603626813756517
Sentinel_2014_2016,2,Mean_NDBI,23.766950287702503
Sentinel_2014_2016,2,Mean_NDVI,25.21727852382895
Sentinel_2014_2016,2,NDBI_constant,23.299934731737373
Sentinel_2014_2016,2,NDBI_cos_1,31.075195188971193
Sentinel_2014_2016,2,NDBI_cos_2,22.1398611305295
Sentinel_2014_2016,2,NDBI_cos_3,25.358591345749748
Sentinel_2014_2016,2,NDBI_sin_1,25.47233547755949
Sentinel_2014_2016,2,NDBI_sin_2,21.866020671357113
Sentinel_2014_2016,2,NDBI_sin_3,25.900443667339662
Sentinel_2014_2016,2,NDBI_t,16.428364119970325
Sentinel_2014_2016,2,NDVI_constant,19.943648425935464
Sentinel_2014_2016,2,NDVI_cos_1,23.578153515319507
Sentinel_2014_2016,2,NDVI_cos_2,19.183836882527732
Sentinel_2014_2016,2,NDVI_cos_3,27.308862799097902
Sentinel_2014_2016,2,NDVI_sin_1,24.992711009074508
Sentinel_2014_2016,2,NDVI_sin_2,26.064365456873325
Sentinel_2014_2016,2,NDVI_sin_3,20.817605423049407
Sentinel_2014_2016,2,NDVI_t,14.028240475575668
Sentinel_2014_2016,2,SLOPE,28.534978444531852
Sentinel_2014_2016,2,Sentinel_B1,29.024283769323823
Sentinel_2014_2016,2,Sentinel_B10,15.928535482245918
Sentinel_2014_2016,2,Sentinel_B11,24.035372988884966
Sentinel_2014_2016,2,Sentinel_B12,42.02075606829935
Sentinel_2014_2016,2,Sentinel_B2,31.7862234356066
Sentinel_2014_2016,2,Sentinel_B3,27.951089248759974
Sentinel_2014_2016,2,Sentinel_B4,34.52698917951526
Sentinel_2014_2016,2,Sentinel_B5,21.27824272208958
Sentinel_2014_2016,2,Sentinel_B6,18.702483305809125
Sentinel_2014_2016,2,Sentinel_B7,26.868554189115397
Sentinel_2014_2016,2,Sentinel_B8,29.377762553050992
Sentinel_2014_2016,2,Sentinel_B8A,28.667847439422445
Sentinel_2014_2016,2,Sentinel_B9,26.7030089542948
Sentinel_2014_2016,2,lrad,32.966116146949766
Sentinel_2014_2016,2,prec,30.363722767599466
Sentinel_2014_2016,2,pres,29.573848061861423
Sentinel_2014_2016,2,random,23.327741902269345
Sentinel_2014_2016,2,shum,29.440839271563565
Sentinel_2014_2016,2,srad,22.900943908111646
Sentinel_2014_2016,2,temp,26.62871337798192
Sentinel_2014_2016,2,wind,22.740167761029394
Sentinel_2014_2016,3,DEM,23.159898279515744
Sentinel_2014_2016,3,EVI_constant,22.378579504154658
Sentinel_2014_2016,3,EVI_cos_1,21.61934496800552
Sentinel_2014_2016,3,EVI_cos_2,21.180397909342968
Sentinel_2014_2016,3,EVI_cos_3,27.768758863389042
Sentinel_2014_2016,3,EVI_sin_1,32.96793625829963
Sentinel_2014_2016,3,EVI_sin_2,28.454728344162362
Sentinel_2014_2016,3,EVI_sin_3,22.082526068379376
Sentinel_2014_2016,3,EVI_t,15.186445026574477
Sentinel_2014_2016,3,Landsat_B1,17.690517198790484
Sentinel_2014_2016,3,Landsat_B10,17.265426340694578
Sentinel_2014_2016,3,Landsat_B11,16.220527044971316
Sentinel_2014_2016,3,Landsat_B2,17.928683638407954
Sentinel_2014_2016,3,Landsat_B3,23.227137491963045
Sentinel_2014_2016,3,Landsat_B4,19.681751415428213
Sentinel_2014_2016,3,Landsat_B5,26.023422513992443
Sentinel_2014_2016,3,Landsat_B6,22.057715467049828
Sentinel_2014_2016,3,Landsat_B7,33.511882150782235
Sentinel_2014_2016,3,Landsat_B8,19.59077275000705
Sentinel_2014_2016,3,Landsat_B9,2.76191450560637
Sentinel_2014_2016,3,Mean_EVI,24.746550371195834
Sentinel_2014_2016,3,Mean_NDBI,19.163602938548987
Sentinel_2014_2016,3,Mean_NDVI,18.69542306606048
Sentinel_2014_2016,3,NDBI_constant,23.63175282495985
Sentinel_2014_2016,3,NDBI_cos_1,17.8345305208314
Sentinel_2014_2016,3,NDBI_cos_2,23.461339106820624
Sentinel_2014_2016,3,NDBI_cos_3,20.24176574207609
Sentinel_2014_2016,3,NDBI_sin_1,29.364550834640216
Sentinel_2014_2016,3,NDBI_sin_2,26.46054442499937
Sentinel_2014_2016,3,NDBI_sin_3,29.98351966849056
Sentinel_2014_2016,3,NDBI_t,15.379144038554646
Sentinel_2014_2016,3,NDVI_constant,24.501379592725662
Sentinel_2014_2016,3,NDVI_cos_1,25.056816453189978
Sentinel_2014_2016,3,NDVI_cos_2,20.190153486564803
Sentinel_2014_2016,3,NDVI_cos_3,25.33010219811263
Sentinel_2014_2016,3,NDVI_sin_1,23.302451161556682
Sentinel_2014_2016,3,NDVI_sin_2,20.907146761180314
Sentinel_2014_2016,3,NDVI_sin_3,22.104874549773648
Sentinel_2014_2016,3,NDVI_t,14.447803552759122
Sentinel_2014_2016,3,SLOPE,23.57872585544877
Sentinel_2014_2016,3,Sentinel_B1,27.354329555315996
Sentinel_2014_2016,3,Sentinel_B10,15.906411377568864
Sentinel_2014_2016,3,Sentinel_B11,26.721665619622332
Sentinel_2014_2016,3,Sentinel_B12,42.33034804014651
Sentinel_2014_2016,3,Sentinel_B2,32.98445683091939
Sentinel_2014_2016,3,Sentinel_B3,20.764234720843977
Sentinel_2014_2016,3,Sentinel_B4,29.820996377763876
Sentinel_2014_2016,3,Sentinel_B5,23.856225008253737
Sentinel_2014_2016,3,Sentinel_B6,30.42204506652308
Sentinel_2014_2016,3,Sentinel_B7,22.84801020832713
Sentinel_2014_2016,3,Sentinel_B8,26.29103772912987
Sentinel_2014_2016,3,Sentinel_B8A,26.523031410668988
Sentinel_2014_2016,3,Sentinel_B9,29.26601391707577
Sentinel_2014_2016,3,lrad,32.79241547981784
Sentinel_2014_2016,3,prec,31.12961787869198
Sentinel_2014_2016,3,pres,29.785118485846194
Sentinel_2014_2016,3,random,25.667553397750954
Sentinel_2014_2016,3,shum,32.45242390468219
Sentinel_2014_2016,3,srad,23.829736393571025
Sentinel_2014_2016,3,temp,25.835248606970403
Sentinel_2014_2016,3,wind,19.635205502018664
Sentinel_2014_2016,4,DEM,26.72029873412385
Sentinel_2014_2016,4,EVI_constant,23.717849099601576
Sentinel_2014_2016,4,EVI_cos_1,26.41348269998273
Sentinel_2014_2016,4,EVI_cos_2,17.37193973484668
Sentinel_2014_2016,4,EVI_cos_3,21.673724871557184
Sentinel_2014_2016,4,EVI_sin_1,26.74541111042685
Sentinel_2014_2016,4,EVI_sin_2,24.372848548667015
Sentinel_2014_2016,4,EVI_sin_3,23.69918307784891
Sentinel_2014_2016,4,EVI_t,17.08064521724791
Sentinel_2014_2016,4,Landsat_B1,18.451947629891507
Sentinel_2014_2016,4,Landsat_B10,21.217871759127366
Sentinel_2014_2016,4,Landsat_B11,15.132158727520023
Sentinel_2014_2016,4,Landsat_B2,20.453969416472066
Sentinel_2014_2016,4,Landsat_B3,18.52076203839897
Sentinel_2014_2016,4,Landsat_B4,17.00747582089692
Sentinel_2014_2016,4,Landsat_B5,26.39671980005754
Sentinel_2014_2016,4,Landsat_B6,22.45807387082381
Sentinel_2014_2016,4,Landsat_B7,23.14993072249178
Sentinel_2014_2016,4,Landsat_B8,19.211185692716953
Sentinel_2014_2016,4,Landsat_B9,1.2864194591285703
Sentinel_2014_2016,4,Mean_EVI,22.583950686449363
Sentinel_2014_2016,4,Mean_NDBI,17.596389862311717
Sentinel_2014_2016,4,Mean_NDVI,23.98442207388225
Sentinel_2014_2016,4,NDBI_constant,29.722446339390217
Sentinel_2014_2016,4,NDBI_cos_1,24.91425821146736
Sentinel_2014_2016,4,NDBI_cos_2,23.46656129802847
Sentinel_2014_2016,4,NDBI_cos_3,25.337464105223837
Sentinel_2014_2016,4,NDBI_sin_1,31.04924764229237
Sentinel_2014_2016,4,NDBI_sin_2,25.34906703085374
Sentinel_2014_2016,4,NDBI_sin_3,24.306652775587274
Sentinel_2014_2016,4,NDBI_t,12.997648923384032
Sentinel_2014_2016,4,NDVI_constant,21.36970902774497
Sentinel_2014_2016,4,NDVI_cos_1,22.296829749680164
Sentinel_2014_2016,4,NDVI_cos_2,21.28215807235239
Sentinel_2014_2016,4,NDVI_cos_3,22.498208189524842
Sentinel_2014_2016,4,NDVI_sin_1,22.12267006867719
Sentinel_2014_2016,4,NDVI_sin_2,24.993350101120633
Sentinel_2014_2016,4,NDVI_sin_3,19.18096000105441
Sentinel_2014_2016,4,NDVI_t,8.54961894265638
Sentinel_2014_2016,4,SLOPE,22.0002758377289
Sentinel_2014_2016,4,Sentinel_B1,31.89477996762429
Sentinel_2014_2016,4,Sentinel_B10,17.896235603469613
Sentinel_2014_2016,4,Sentinel_B11,30.710139794202284
Sentinel_2014_2016,4,Sentinel_B12,32.73342026974466
Sentinel_2014_2016,4,Sentinel_B2,30.9281247752063
Sentinel_2014_2016,4,Sentinel_B3,24.771841697383014
Sentinel_2014_2016,4,Sentinel_B4,22.697330147332263
Sentinel_2014_2016,4,Sentinel_B5,24.34672829338902
Sentinel_2014_2016,4,Sentinel_B6,29.133059314288335
Sentinel_2014_2016,4,Sentinel_B7,27.432655184523835
Sentinel_2014_2016,4,Sentinel_B8,27.366134385776494
Sentinel_2014_2016,4,Sentinel_B8A,28.742309815339205
Sentinel_2014_2016,4,Sentinel_B9,29.644949832632896
Sentinel_2014_2016,4,lrad,29.357294995987353
Sentinel_2014_2016,4,prec,28.280698204039265
Sentinel_2014_2016,4,pres,27.693752171351512
Sentinel_2014_2016,4,random,22.43121184009378
Sentinel_2014_2016,4,shum,37.00186185114965
Sentinel_2014_2016,4,srad,25.690714109603686
Sentinel_2014_2016,4,temp,27.08596176270438
Sentinel_2014_2016,4,wind,18.972310747408564
Sentinel_2014_2016,5,DEM,28.63392868361167
Sentinel_2014_2016,5,EVI_constant,24.122710197139376
Sentinel_2014_2016,5,EVI_cos_1,21.531145318986237
Sentinel_2014_2016,5,EVI_cos_2,20.19664455788286
Sentinel_2014_2016,5,EVI_cos_3,25.409804451755253
Sentinel_2014_2016,5,EVI_sin_1,26.471482288543086
Sentinel_2014_2016,5,EVI_sin_2,24.642043009813918
Sentinel_2014_2016,5,EVI_sin_3,28.357667218271278
Sentinel_2014_2016,5,EVI_t,22.486219806933118
Sentinel_2014_2016,5,Landsat_B1,15.922336214490729
Sentinel_2014_2016,5,Landsat_B10,14.022527802926495
Sentinel_2014_2016,5,Landsat_B11,13.747461793450993
Sentinel_2014_2016,5,Landsat_B2,17.781266789470614
Sentinel_2014_2016,5,Landsat_B3,15.508830783376283
Sentinel_2014_2016,5,Landsat_B4,20.34174513228393
Sentinel_2014_2016,5,Landsat_B5,24.443988854289522
Sentinel_2014_2016,5,Landsat_B6,25.455036021699883
Sentinel_2014_2016,5,Landsat_B7,25.9540710786266
Sentinel_2014_2016,5,Landsat_B8,19.957904494089053
Sentinel_2014_2016,5,Landsat_B9,1.407564959825641
Sentinel_2014_2016,5,Mean_EVI,29.03568546321051
Sentinel_2014_2016,5,Mean_NDBI,23.7488700191004
Sentinel_2014_2016,5,Mean_NDVI,20.77718844304783
Sentinel_2014_2016,5,NDBI_constant,21.87165169771014
Sentinel_2014_2016,5,NDBI_cos_1,27.278676990151357
Sentinel_2014_2016,5,NDBI_cos_2,22.131015132663958
Sentinel_2014_2016,5,NDBI_cos_3,24.512648160283074
Sentinel_2014_2016,5,NDBI_sin_1,26.14118700003078
Sentinel_2014_2016,5,NDBI_sin_2,24.125769195386166
Sentinel_2014_2016,5,NDBI_sin_3,27.39952983772886
Sentinel_2014_2016,5,NDBI_t,11.686731045693968
Sentinel_2014_2016,5,NDVI_constant,23.607743023286044
Sentinel_2014_2016,5,NDVI_cos_1,21.431739367609342
Sentinel_2014_2016,5,NDVI_cos_2,22.12251657081143
Sentinel_2014_2016,5,NDVI_cos_3,27.290160836009452
Sentinel_2014_2016,5,NDVI_sin_1,22.720110907566983
Sentinel_2014_2016,5,NDVI_sin_2,32.154213449034614
Sentinel_2014_2016,5,NDVI_sin_3,23.232339858313004
Sentinel_2014_2016,5,NDVI_t,14.4920881679418
Sentinel_2014_2016,5,SLOPE,30.5740385245031
Sentinel_2014_2016,5,Sentinel_B1,25.10118183935749
Sentinel_2014_2016,5,Sentinel_B10,16.35068298362187
Sentinel_2014_2016,5,Sentinel_B11,29.602584865494755
Sentinel_2014_2016,5,Sentinel_B12,38.322378384374645
Sentinel_2014_2016,5,Sentinel_B2,31.716489042811105
Sentinel_2014_2016,5,Sentinel_B3,23.943819440289026
Sentinel_2014_2016,5,Sentinel_B4,23.528150081901487
Sentinel_2014_2016,5,Sentinel_B5,29.290774737367737
Sentinel_2014_2016,5,Sentinel_B6,24.19783102322809
Sentinel_2014_2016,5,Sentinel_B7,27.326677279352342
Sentinel_2014_2016,5,Sentinel_B8,30.45884394986833
Sentinel_2014_2016,5,Sentinel_B8A,27.844386961367267
Sentinel_2014_2016,5,Sentinel_B9,28.355778330982098
Sentinel_2014_2016,5,lrad,30.036834854243924
Sentinel_2014_2016,5,prec,28.176655322542043
Sentinel_2014_2016,5,pres,30.19521928989683
Sentinel_2014_2016,5,random,20.659214293441995
Sentinel_2014_2016,5,shum,28.640799961252803
Sentinel_2014_2016,5,srad,28.138282566503104
Sentinel_2014_2016,5,temp,27.13100139418755
Sentinel_2014_2016,5,wind,21.44835266237874
Sentinel_2014_2016,6,DEM,28.768640689002297
Sentinel_2014_2016,6,EVI_constant,22.787464306977324
Sentinel_2014_2016,6,EVI_cos_1,27.229473081362585
Sentinel_2014_2016,6,EVI_cos_2,18.332805359378366
Sentinel_2014_2016,6,EVI_cos_3,21.94510744499422
Sentinel_2014_2016,6,EVI_sin_1,30.711092367762475
Sentinel_2014_2016,6,EVI_sin_2,26.019990640058722
Sentinel_2014_2016,6,EVI_sin_3,25.064721148084715
Sentinel_2014_2016,6,EVI_t,13.896895644620484
Sentinel_2014_2016,6,Landsat_B1,17.774256956170266
Sentinel_2014_2016,6,Landsat_B10,13.373621211920904
Sentinel_2014_2016,6,Landsat_B11,11.539486988148905
Sentinel_2014_2016,6,Landsat_B2,17.864884076243637
Sentinel_2014_2016,6,Landsat_B3,14.109377669493478
Sentinel_2014_2016,6,Landsat_B4,19.840564028715217
Sentinel_2014_2016,6,Landsat_B5,28.93281401961133
Sentinel_2014_2016,6,Landsat_B6,25.796940832547783
Sentinel_2014_2016,6,Landsat_B7,27.411180519376803
Sentinel_2014_2016,6,Landsat_B8,25.30162165588535
Sentinel_2014_2016,6,Landsat_B9,0.96081336457177
Sentinel_2014_2016,6,Mean_EVI,26.93556602216086
Sentinel_2014_2016,6,Mean_NDBI,24.209888849707813
Sentinel_2014_2016,6,Mean_NDVI,19.881876964450658
Sentinel_2014_2016,6,NDBI_constant,19.83447808935748
Sentinel_2014_2016,6,NDBI_cos_1,23.091693593974224
Sentinel_2014_2016,6,NDBI_cos_2,23.346212308960837
Sentinel_2014_2016,6,NDBI_cos_3,25.44588713634559
Sentinel_2014_2016,6,NDBI_sin_1,28.705209969929165
Sentinel_2014_2016,6,NDBI_sin_2,29.031160610635716
Sentinel_2014_2016,6,NDBI_sin_3,23.122217456046926
Sentinel_2014_2016,6,NDBI_t,16.621181932996688
Sentinel_2014_2016,6,NDVI_constant,20.586441979354806
Sentinel_2014_2016,6,NDVI_cos_1,21.356667329902166
Sentinel_2014_2016,6,NDVI_cos_2,19.80193147424145
Sentinel_2014_2016,6,NDVI_cos_3,21.23710112365587
Sentinel_2014_2016,6,NDVI_sin_1,24.688650765267827
Sentinel_2014_2016,6,NDVI_sin_2,21.074014628052993
Sentinel_2014_2016,6,NDVI_sin_3,26.050727649539834
Sentinel_2014_2016,6,NDVI_t,12.790471189987963
Sentinel_2014_2016,6,SLOPE,29.44868287487613
Sentinel_2014_2016,6,Sentinel_B1,28.785388755622566
Sentinel_2014_2016,6,Sentinel_B10,17.65084546691441
Sentinel_2014_2016,6,Sentinel_B11,27.518281466283593
Sentinel_2014_2016,6,Sentinel_B12,34.51213613423052
Sentinel_2014_2016,6,Sentinel_B2,32.65782015750991
Sentinel_2014_2016,6,Sentinel_B3,20.452674545045706
Sentinel_2014_2016,6,Sentinel_B4,23.782363549905828
Sentinel_2014_2016,6,Sentinel_B5,28.640903781858196
Sentinel_2014_2016,6,Sentinel_B6,20.26456070600424
Sentinel_2014_2016,6,Sentinel_B7,24.88703842308456
Sentinel_2014_2016,6,Sentinel_B8,26.80674174665456
Sentinel_2014_2016,6,Sentinel_B8A,23.81212304088387
Sentinel_2014_2016,6,Sentinel_B9,28.55760866521088
Sentinel_2014_2016,6,lrad,31.904335949115307
Sentinel_2014_2016,6,prec,30.728871275659362
Sentinel_2014_2016,6,pres,21.288277677905253
Sentinel_2014_2016,6,random,18.806161007000245
Sentinel_2014_2016,6,shum,31.866508195181375
Sentinel_2014_2016,6,srad,23.836565566929032
Sentinel_2014_2016,6,temp,25.408359257043035
Sentinel_2014_2016,6,wind,21.36056647516657
Sentinel_2014_2016,7,DEM,25.19225490262608
Sentinel_2014_2016,7,EVI_constant,30.245394746686102
Sentinel_2014_2016,7,EVI_cos_1,20.674703430957404
Sentinel_2014_2016,7,EVI_cos_2,18.105277696125146
Sentinel_2014_2016,7,EVI_cos_3,23.062510160863607
Sentinel_2014_2016,7,EVI_sin_1,30.185655419729166
Sentinel_2014_2016,7,EVI_sin_2,25.634993851335913
Sentinel_2014_2016,7,EVI_sin_3,24.382564111860603
Sentinel_2014_2016,7,EVI_t,16.658638820527635
Sentinel_2014_2016,7,Landsat_B1,18.592105049013345
Sentinel_2014_2016,7,Landsat_B10,14.299206883031168
Sentinel_2014_2016,7,Landsat_B11,18.78268984309058
Sentinel_2014_2016,7,Landsat_B2,16.880907358868317
Sentinel_2014_2016,7,Landsat_B3,14.516234976497891
Sentinel_2014_2016,7,Landsat_B4,19.820454724261218
Sentinel_2014_2016,7,Landsat_B5,24.538705072057475
Sentinel_2014_2016,7,Landsat_B6,22.136043926871487
Sentinel_2014_2016,7,Landsat_B7,28.460227260966704
Sentinel_2014_2016,7,Landsat_B8,24.22576928543099
Sentinel_2014_2016,7,Landsat_B9,1.12310589729878
Sentinel_2014_2016,7,Mean_EVI,29.94253868897715
Sentinel_2014_2016,7,Mean_NDBI,19.59551065764351
Sentinel_2014_2016,7,Mean_NDVI,17.002969206742353
Sentinel_2014_2016,7,NDBI_constant,22.571305178448856
Sentinel_2014_2016,7,NDBI_cos_1,28.520319244072542
Sentinel_2014_2016,7,NDBI_cos_2,16.342667334775225
Sentinel_2014_2016,7,NDBI_cos_3,28.713162779820138
Sentinel_2014_2016,7,NDBI_sin_1,28.01914114033513
Sentinel_2014_2016,7,NDBI_sin_2,21.590013006839385
Sentinel_2014_2016,7,NDBI_sin_3,21.703901691461517
Sentinel_2014_2016,7,NDBI_t,15.069303874661825
Sentinel_2014_2016,7,NDVI_constant,26.196806995500754
Sentinel_2014_2016,7,NDVI_cos_1,24.060838130622145
Sentinel_2014_2016,7,NDVI_cos_2,19.180670774262616
Sentinel_2014_2016,7,NDVI_cos_3,23.615731169639627
Sentinel_2014_2016,7,NDVI_sin_1,28.023033287437404
Sentinel_2014_2016,7,NDVI_sin_2,27.99469851057762
Sentinel_2014_2016,7,NDVI_sin_3,17.840249339927237
Sentinel_2014_2016,7,NDVI_t,15.321783289688947
Sentinel_2014_2016,7,SLOPE,22.854319366881473
Sentinel_2014_2016,7,Sentinel_B1,28.95011622135985
Sentinel_2014_2016,7,Sentinel_B10,14.940856356989574
Sentinel_2014_2016,7,Sentinel_B11,23.650463219877086
Sentinel_2014_2016,7,Sentinel_B12,41.292928427828265
Sentinel_2014_2016,7,Sentinel_B2,33.934581875357225
Sentinel_2014_2016,7,Sentinel_B3,25.535495643219164
Sentinel_2014_2016,7,Sentinel_B4,27.605806533371407
Sentinel_2014_2016,7,Sentinel_B5,30.01768900965652
Sentinel_2014_2016,7,Sentinel_B6,28.680604754498333
Sentinel_2014_2016,7,Sentinel_B7,19.822387662180088
Sentinel_2014_2016,7,Sentinel_B8,26.947990421880093
Sentinel_2014_2016,7,Sentinel_B8A,29.127598148176624
Sentinel_2014_2016,7,Sentinel_B9,30.51089336364979
Sentinel_2014_2016,7,lrad,26.817904763116523
Sentinel_2014_2016,7,prec,28.324963416341298
Sentinel_2014_2016,7,pres,24.155239665530107
Sentinel_2014_2016,7,random,21.08733799876028
Sentinel_2014_2016,7,shum,30.30247055140669
Sentinel_2014_2016,7,srad,29.753700516880492
Sentinel_2014_2016,7,temp,28.46934160640141
Sentinel_2014_2016,7,wind,21.351967806148302
Sentinel_2014_2016,8,DEM,27.701156611178828
Sentinel_2014_2016,8,EVI_constant,24.435072917912766
Sentinel_2014_2016,8,EVI_cos_1,22.62629931572771
Sentinel_2014_2016,8,EVI_cos_2,21.425528301691923
Sentinel_2014_2016,8,EVI_cos_3,19.385786920843643
Sentinel_2014_2016,8,EVI_sin_1,30.420917422290042
Sentinel_2014_2016,8,EVI_sin_2,27.07047661869358
Sentinel_2014_2016,8,EVI_sin_3,26.93371209453528
Sentinel_2014_2016,8,EVI_t,18.702889606949626
Sentinel_2014_2016,8,Landsat_B1,15.866022798597857
Sentinel_2014_2016,8,Landsat_B10,13.947831963878139
Sentinel_2014_2016,8,Landsat_B11,15.283158015643263
Sentinel_2014_2016,8,Landsat_B2,19.287184936535905
Sentinel_2014_2016,8,Landsat_B3,17.333725602645398
Sentinel_2014_2016,8,Landsat_B4,18.791177777128258
Sentinel_2014_2016,8,Landsat_B5,25.382526187155634
Sentinel_2014_2016,8,Landsat_B6,23.513193346767714
Sentinel_2014_2016,8,Landsat_B7,31.150616912994458
Sentinel_2014_2016,8,Landsat_B8,24.388739989609324
Sentinel_2014_2016,8,Landsat_B9,2.6300609164099584
Sentinel_2014_2016,8,Mean_EVI,26.780606725789294
Sentinel_2014_2016,8,Mean_NDBI,20.480023051098616
Sentinel_2014_2016,8,Mean_NDVI,18.370049600904064
Sentinel_2014_2016,8,NDBI_constant,21.71367869846378
Sentinel_2014_2016,8,NDBI_cos_1,25.81013697392705
Sentinel_2014_2016,8,NDBI_cos_2,24.281762735776745
Sentinel_2014_2016,8,NDBI_cos_3,27.198142032690487
Sentinel_2014_2016,8,NDBI_sin_1,28.438378840561672
Sentinel_2014_2016,8,NDBI_sin_2,23.221956923040366
Sentinel_2014_2016,8,NDBI_sin_3,28.897864890654375
Sentinel_2014_2016,8,NDBI_t,13.887466740745637
Sentinel_2014_2016,8,NDVI_constant,23.88943190145979
Sentinel_2014_2016,8,NDVI_cos_1,23.34953293960204
Sentinel_2014_2016,8,NDVI_cos_2,24.386605162722596
Sentinel_2014_2016,8,NDVI_cos_3,23.504838329788203
Sentinel_2014_2016,8,NDVI_sin_1,19.511650090704613
Sentinel_2014_2016,8,NDVI_sin_2,25.157862709055454
Sentinel_2014_2016,8,NDVI_sin_3,19.936672285544383
Sentinel_2014_2016,8,NDVI_t,19.532840214340972
Sentinel_2014_2016,8,SLOPE,29.045675554379457
Sentinel_2014_2016,8,Sentinel_B1,22.15873986784257
Sentinel_2014_2016,8,Sentinel_B10,15.171959121580782
Sentinel_2014_2016,8,Sentinel_B11,26.577469068640344
Sentinel_2014_2016,8,Sentinel_B12,44.116925981708384
Sentinel_2014_2016,8,Sentinel_B2,35.51673294938147
Sentinel_2014_2016,8,Sentinel_B3,21.993018268296332
Sentinel_2014_2016,8,Sentinel_B4,25.253829251788577
Sentinel_2014_2016,8,Sentinel_B5,24.221965471078455
Sentinel_2014_2016,8,Sentinel_B6,24.710664046140373
Sentinel_2014_2016,8,Sentinel_B7,29.17293181150248
Sentinel_2014_2016,8,Sentinel_B8,26.478019058368254
Sentinel_2014_2016,8,Sentinel_B8A,29.94610231921101
Sentinel_2014_2016,8,Sentinel_B9,28.315406028181318
Sentinel_2014_2016,8,lrad,23.577012198485015
Sentinel_2014_2016,8,prec,27.055507929583936
Sentinel_2014_2016,8,pres,24.640233105340815
Sentinel_2014_2016,8,random,24.501799643473863
Sentinel_2014_2016,8,shum,28.685696115541543
Sentinel_2014_2016,8,srad,26.776514251617954
Sentinel_2014_2016,8,temp,29.297024401145514
Sentinel_2014_2016,8,wind,22.27915383918345
Sentinel_2014_2016,9,DEM,25.982041586121927
Sentinel_2014_2016,9,EVI_constant,21.433297499149482
Sentinel_2014_2016,9,EVI_cos_1,22.09841903483046
Sentinel_2014_2016,9,EVI_cos_2,24.933450961712307
Sentinel_2014_2016,9,EVI_cos_3,23.340570578405142
Sentinel_2014_2016,9,EVI_sin_1,32.3689049071805
Sentinel_2014_2016,9,EVI_sin_2,21.410922515700133
Sentinel_2014_2016,9,EVI_sin_3,21.191824654206318
Sentinel_2014_2016,9,EVI_t,10.775709415542497
Sentinel_2014_2016,9,Landsat_B1,17.3686289595449
Sentinel_2014_2016,9,Landsat_B10,16.10052919841661
Sentinel_2014_2016,9,Landsat_B11,14.668895338057448
Sentinel_2014_2016,9,Landsat_B2,16.91591121884561
Sentinel_2014_2016,9,Landsat_B3,15.12769094447478
Sentinel_2014_2016,9,Landsat_B4,26.086747053720416
Sentinel_2014_2016,9,Landsat_B5,29.3906760956974
Sentinel_2014_2016,9,Landsat_B6,23.622197903880306
Sentinel_2014_2016,9,Landsat_B7,33.96794121068961
Sentinel_2014_2016,9,Landsat_B8,23.607010934818632
Sentinel_2014_2016,9,Landsat_B9,1.1640093001303524
Sentinel_2014_2016,9,Mean_EVI,30.931513676993234
Sentinel_2014_2016,9,Mean_NDBI,17.690475017272846
Sentinel_2014_2016,9,Mean_NDVI,23.513651363493214
Sentinel_2014_2016,9,NDBI_constant,21.22319301654248
Sentinel_2014_2016,9,NDBI_cos_1,29.8997051605436
Sentinel_2014_2016,9,NDBI_cos_2,22.1170458862699
Sentinel_2014_2016,9,NDBI_cos_3,20.217279043278065
Sentinel_2014_2016,9,NDBI_sin_1,31.890816176276843
Sentinel_2014_2016,9,NDBI_sin_2,26.08516111569202
Sentinel_2014_2016,9,NDBI_sin_3,27.971120332053626
Sentinel_2014_2016,9,NDBI_t,14.218531107937695
Sentinel_2014_2016,9,NDVI_constant,21.66576540104756
Sentinel_2014_2016,9,NDVI_cos_1,24.65657675371176
Sentinel_2014_2016,9,NDVI_cos_2,21.591512733838798
Sentinel_2014_2016,9,NDVI_cos_3,25.833676820554647
Sentinel_2014_2016,9,NDVI_sin_1,28.492970069891598
Sentinel_2014_2016,9,NDVI_sin_2,28.97777301743734
Sentinel_2014_2016,9,NDVI_sin_3,20.09233568538819
Sentinel_2014_2016,9,NDVI_t,13.815820974023962
Sentinel_2014_2016,9,SLOPE,24.583572321598773
Sentinel_2014_2016,9,Sentinel_B1,24.01792260838827
Sentinel_2014_2016,9,Sentinel_B10,16.388167427125218
Sentinel_2014_2016,9,Sentinel_B11,26.561680583891334
Sentinel_2014_2016,9,Sentinel_B12,39.76313330425084
Sentinel_2014_2016,9,Sentinel_B2,29.680474503426744
Sentinel_2014_2016,9,Sentinel_B3,23.924757448458255
Sentinel_2014_2016,9,Sentinel_B4,29.05543548522695
Sentinel_2014_2016,9,Sentinel_B5,27.431815504601165
Sentinel_2014_2016,9,Sentinel_B6,30.406413140177033
Sentinel_2014_2016,9,Sentinel_B7,25.64516715060514
Sentinel_2014_2016,9,Sentinel_B8,29.358725300521698
Sentinel_2014_2016,9,Sentinel_B8A,27.9580459126747
Sentinel_2014_2016,9,Sentinel_B9,32.567483728428755
Sentinel_2014_2016,9,lrad,28.758518878182624
Sentinel_2014_2016,9,prec,32.01975446141157
Sentinel_2014_2016,9,pres,27.917468543642485
Sentinel_2014_2016,9,random,25.19949522986811
Sentinel_2014_2016,9,shum,32.966299496633745
Sentinel_2014_2016,9,srad,27.064178754887745
Sentinel_2014_2016,9,temp,22.78154062463423
Sentinel_2014_2016,9,wind,28.606642999314946
Sentinel_2017_2019,0,DEM,21.049761416181273
Sentinel_2017_2019,0,EVI_constant,14.040741924077981
Sentinel_2017_2019,0,EVI_cos_1,18.609483686717844
Sentinel_2017_2019,0,EVI_cos_2,23.16542617452649
Sentinel_2017_2019,0,EVI_cos_3,18.149416714675027
Sentinel_2017_2019,0,EVI_sin_1,21.61145686285231
Sentinel_2017_2019,0,EVI_sin_2,28.643484191082276
Sentinel_2017_2019,0,EVI_sin_3,18.30652358964922
Sentinel_2017_2019,0,EVI_t,10.56359896110503
Sentinel_2017_2019,0,Landsat_B1,15.580918312604652
Sentinel_2017_2019,0,Landsat_B10,15.443921030704233
Sentinel_2017_2019,0,Landsat_B11,15.732505505935471
Sentinel_2017_2019,0,Landsat_B2,19.193289242816878
Sentinel_2017_2019,0,Landsat_B3,18.020658908294067
Sentinel_2017_2019,0,Landsat_B4,22.8559746759409
Sentinel_2017_2019,0,Landsat_B5,20.85110412953077
Sentinel_2017_2019,0,Landsat_B6,21.922123593604947
Sentinel_2017_2019,0,Landsat_B7,33.0174220320238
Sentinel_2017_2019,0,Landsat_B8,19.137128176581065
Sentinel_2017_2019,0,Landsat_B9,0.02061631944444442
Sentinel_2017_2019,0,Mean_EVI,19.22874862433177
Sentinel_2017_2019,0,Mean_NDBI,17.648215995054226
Sentinel_2017_2019,0,Mean_NDVI,15.842281769486751
Sentinel_2017_2019,0,NDBI_constant,24.342331648886276
Sentinel_2017_2019,0,NDBI_cos_1,22.240815621429352
Sentinel_2017_2019,0,NDBI_cos_2,16.99106601519685
Sentinel_2017_2019,0,NDBI_cos_3,19.937741174767538
Sentinel_2017_2019,0,NDBI_sin_1,22.285090752132348
Sentinel_2017_2019,0,NDBI_sin_2,25.570934468378137
Sentinel_2017_2019,0,NDBI_sin_3,20.247212093329384
Sentinel_2017_2019,0,NDBI_t,16.14698298860971
Sentinel_2017_2019,0,NDVI_constant,15.522473040219282
Sentinel_2017_2019,0,NDVI_cos_1,22.51011972458633
Sentinel_2017_2019,0,NDVI_cos_2,21.92355792687883
Sentinel_2017_2019,0,NDVI_cos_3,21.114439916013104
Sentinel_2017_2019,0,NDVI_sin_1,23.716326211938235
Sentinel_2017_2019,0,NDVI_sin_2,28.994496401119964
Sentinel_2017_2019,0,NDVI_sin_3,18.3312940206888
Sentinel_2017_2019,0,NDVI_t,15.428627827650045
Sentinel_2017_2019,0,SLOPE,22.02183889222145
Sentinel_2017_2019,0,Sentinel_B1,22.086619380782047
Sentinel_2017_2019,0,Sentinel_B10,14.627568665398465
Sentinel_2017_2019,0,Sentinel_B11,29.953998489042135
Sentinel_2017_2019,0,Sentinel_B12,36.296102835391856
Sentinel_2017_2019,0,Sentinel_B2,26.37015781553331
Sentinel_2017_2019,0,Sentinel_B3,23.55392014055313
Sentinel_2017_2019,0,Sentinel_B4,20.176871683399703
Sentinel_2017_2019,0,Sentinel_B5,26.785484929912453
Sentinel_2017_2019,0,Sentinel_B6,23.566497134002365
Sentinel_2017_2019,0,Sentinel_B7,21.271248226352302
Sentinel_2017_2019,0,Sentinel_B8,26.20503349269999
Sentinel_2017_2019,0,Sentinel_B8A,26.522607555981587
Sentinel_2017_2019,0,Sentinel_B9,34.386812838037564
Sentinel_2017_2019,0,lrad,23.66468026233177
Sentinel_2017_2019,0,prec,21.35479648605093
Sentinel_2017_2019,0,pres,22.60020230860023
Sentinel_2017_2019,0,random,20.638495102893565
Sentinel_2017_2019,0,shum,29.33503880437318
Sentinel_2017_2019,0,srad,22.46020322247736
Sentinel_2017_2019,0,temp,22.938081351418173
Sentinel_2017_2019,0,wind,20.075754320050358
Sentinel_2017_2019,1,DEM,20.617671879383824
Sentinel_2017_2019,1,EVI_constant,23.457975327632777
Sentinel_2017_2019,1,EVI_cos_1,22.86132815287373
Sentinel_2017_2019,1,EVI_cos_2,25.093570380192347
Sentinel_2017_2019,1,EVI_cos_3,17.219978927997428
Sentinel_2017_2019,1,EVI_sin_1,27.63977589192126
Sentinel_2017_2019,1,EVI_sin_2,21.891665415643647
Sentinel_2017_2019,1,EVI_sin_3,18.798471241249842
Sentinel_2017_2019,1,EVI_t,13.367667970716093
Sentinel_2017_2019,1,Landsat_B1,15.884847396328944
Sentinel_2017_2019,1,Landsat_B10,15.584319837472679
Sentinel_2017_2019,1,Landsat_B11,14.291271605191616
Sentinel_2017_2019,1,Landsat_B2,14.132293292428795
Sentinel_2017_2019,1,Landsat_B3,22.994063691021168
Sentinel_2017_2019,1,Landsat_B4,23.062983699928754
Sentinel_2017_2019,1,Landsat_B5,18.680933306856414
Sentinel_2017_2019,1,Landsat_B6,20.7675286450705
Sentinel_2017_2019,1,Landsat_B7,32.56534766533081
Sentinel_2017_2019,1,Landsat_B8,20.35209859831181
Sentinel_2017_2019,1,Landsat_B9,0.19717485764464726
Sentinel_2017_2019,1,Mean_EVI,13.810075576657214
Sentinel_2017_2019,1,Mean_NDBI,14.341171324166801
Sentinel_2017_2019,1,Mean_NDVI,17.847908832272065
Sentinel_2017_2019,1,NDBI_constant,21.69436179546501
Sentinel_2017_2019,1,NDBI_cos_1,28.500913205095323
Sentinel_2017_2019,1,NDBI_cos_2,23.01101793942194
Sentinel_2017_2019,1,NDBI_cos_3,20.37139366207423
Sentinel_2017_2019,1,NDBI_sin_1,18.51669192034974
Sentinel_2017_2019,1,NDBI_sin_2,20.967030956732845
Sentinel_2017_2019,1,NDBI_sin_3,24.612790868684257
Sentinel_2017_2019,1,NDBI_t,16.650953231496363
Sentinel_2017_2019,1,NDVI_constant,22.68268236212801
Sentinel_2017_2019,1,NDVI_cos_1,19.085199429068776
Sentinel_2017_2019,1,NDVI_cos_2,18.60129083096222
Sentinel_2017_2019,1,NDVI_cos_3,21.66149871528342
Sentinel_2017_2019,1,NDVI_sin_1,28.21747275817196
Sentinel_2017_2019,1,NDVI_sin_2,25.5425083858057
Sentinel_2017_2019,1,NDVI_sin_3,21.982916231877144
Sentinel_2017_2019,1,NDVI_t,12.680812497521991
Sentinel_2017_2019,1,SLOPE,24.05800150187513
Sentinel_2017_2019,1,Sentinel_B1,18.56436459025396
Sentinel_2017_2019,1,Sentinel_B10,17.91627066911886
Sentinel_2017_2019,1,Sentinel_B11,26.358112301679
Sentinel_2017_2019,1,Sentinel_B12,31.401830341995574
Sentinel_2017_2019,1,Sentinel_B2,24.549352239033823
Sentinel_2017_2019,1,Sentinel_B3,23.947835710014225
Sentinel_2017_2019,1,Sentinel_B4,24.440195743128122
Sentinel_2017_2019,1,Sentinel_B5,18.690632526041036
Sentinel_2017_2019,1,Sentinel_B6,24.006161818613712
Sentinel_2017_2019,1,Sentinel_B7,25.569043391211913
Sentinel_2017_2019,1,Sentinel_B8,24.86601644583134
Sentinel_2017_2019,1,Sentinel_B8A,24.6440573106184
Sentinel_2017_2019,1,Sentinel_B9,35.01163295740867
Sentinel_2017_2019,1,lrad,25.927143207231833
Sentinel_2017_2019,1,prec,26.403786111594687
Sentinel_2017_2019,1,pres,26.274198524283584
Sentinel_2017_2019,1,random,18.567813836163314
Sentinel_2017_2019,1,shum,28.935158171675614
Sentinel_2017_2019,1,srad,24.221691713593682
Sentinel_2017_2019,1,temp,26.679340459588623
Sentinel_2017_2019,1,wind,20.85594353883881
Sentinel_2017_2019,2,DEM,22.270234672656088
Sentinel_2017_2019,2,EVI_constant,19.020991170098906
Sentinel_2017_2019,2,EVI_cos_1,21.90408096636661
Sentinel_2017_2019,2,EVI_cos_2,17.395561379246086
Sentinel_2017_2019,2,EVI_cos_3,19.52690952189757
Sentinel_2017_2019,2,EVI_sin_1,30.200364474241
Sentinel_2017_2019,2,EVI_sin_2,21.402504072081175
Sentinel_2017_2019,2,EVI_sin_3,21.897459713947036
Sentinel_2017_2019,2,EVI_t,9.838364841551808
Sentinel_2017_2019,2,Landsat_B1,16.09459056657048
Sentinel_2017_2019,2,Landsat_B10,14.157277595672534
Sentinel_2017_2019,2,Landsat_B11,11.095539700926276
Sentinel_2017_2019,2,Landsat_B2,20.67824957629945
Sentinel_2017_2019,2,Landsat_B3,13.077328804452378
Sentinel_2017_2019,2,Landsat_B4,18.2706892595736
Sentinel_2017_2019,2,Landsat_B5,20.65929634989546
Sentinel_2017_2019,2,Landsat_B6,24.013478859729403
Sentinel_2017_2019,2,Landsat_B7,35.60914827995849
Sentinel_2017_2019,2,Landsat_B8,20.49175679332918
Sentinel_2017_2019,2,Landsat_B9,0.777277542637183
Sentinel_2017_2019,2,Mean_EVI,18.352707715673226
Sentinel_2017_2019,2,Mean_NDBI,21.495636378828436
Sentinel_2017_2019,2,Mean_NDVI,16.442426327151615
Sentinel_2017_2019,2,NDBI_constant,23.272270596440404
Sentinel_2017_2019,2,NDBI_cos_1,21.11254168280534
Sentinel_2017_2019,2,NDBI_cos_2,15.881325053261943
Sentinel_2017_2019,2,NDBI_cos_3,17.31360137677771
Sentinel_2017_2019,2,NDBI_sin_1,19.360519707342398
Sentinel_2017_2019,2,NDBI_sin_2,27.400917486521706
Sentinel_2017_2019,2,NDBI_sin_3,21.81138084246005
Sentinel_2017_2019,2,NDBI_t,16.082621959698113
Sentinel_2017_2019,2,NDVI_constant,18.502952575979837
Sentinel_2017_2019,2,NDVI_cos_1,18.31418337164705
Sentinel_2017_2019,2,NDVI_cos_2,22.056429060834656
Sentinel_2017_2019,2,NDVI_cos_3,22.001433703805525
Sentinel_2017_2019,2,NDVI_sin_1,25.196783448941012
Sentinel_2017_2019,2,NDVI_sin_2,26.2317455608809
Sentinel_2017_2019,2,NDVI_sin_3,22.688777811487313
Sentinel_2017_2019,2,NDVI_t,13.431452942349571
Sentinel_2017_2019,2,SLOPE,22.256959670042516
Sentinel_2017_2019,2,Sentinel_B1,24.065206312227506
Sentinel_2017_2019,2,Sentinel_B10,17.0400524946896
Sentinel_2017_2019,2,Sentinel_B11,23.342882717150456
Sentinel_2017_2019,2,Sentinel_B12,32.718515944184816
Sentinel_2017_2019,2,Sentinel_B2,25.178265992347935
Sentinel_2017_2019,2,Sentinel_B3,18.440476282840194
Sentinel_2017_2019,2,Sentinel_B4,19.477402543941725
Sentinel_2017_2019,2,Sentinel_B5,19.24954204306789
Sentinel_2017_2019,2,Sentinel_B6,21.23520246200675
Sentinel_2017_2019,2,Sentinel_B7,25.458258574887566
Sentinel_2017_2019,2,Sentinel_B8,27.573724725477245
Sentinel_2017_2019,2,Sentinel_B8A,17.038166183856184
Sentinel_2017_2019,2,Sentinel_B9,41.365439200355375
Sentinel_2017_2019,2,lrad,22.122911891459243
Sentinel_2017_2019,2,prec,21.688141003679977
Sentinel_2017_2019,2,pres,16.38945131023647
Sentinel_2017_2019,2,random,18.94119876139986
Sentinel_2017_2019,2,shum,27.53612238908683
Sentinel_2017_2019,2,srad,22.44728837507038
Sentinel_2017_2019,2,temp,21.548439942870978
Sentinel_2017_2019,2,wind,21.689125569374212
Sentinel_2017_2019,3,DEM,19.25438689797049
Sentinel_2017_2019,3,EVI_constant,20.53062545389178
Sentinel_2017_2019,3,EVI_cos_1,22.65046593876241
Sentinel_2017_2019,3,EVI_cos_2,22.743351402388658
Sentinel_2017_2019,3,EVI_cos_3,19.05544768085146
Sentinel_2017_2019,3,EVI_sin_1,25.478282835781602
Sentinel_2017_2019,3,EVI_sin_2,21.35801379421649
Sentinel_2017_2019,3,EVI_sin_3,18.706690182481225
Sentinel_2017_2019,3,EVI_t,16.38749667987674
Sentinel_2017_2019,3,Landsat_B1,15.623168150399103
Sentinel_2017_2019,3,Landsat_B10,18.526094711300793
Sentinel_2017_2019,3,Landsat_B11,19.61880458252284
Sentinel_2017_2019,3,Landsat_B2,20.545807627108175
Sentinel_2017_2019,3,Landsat_B3,15.723375256231117
Sentinel_2017_2019,3,Landsat_B4,21.525929452798664
Sentinel_2017_2019,3,Landsat_B5,19.972554052835026
Sentinel_2017_2019,3,Landsat_B6,21.287578995112256
Sentinel_2017_2019,3,Landsat_B7,34.90073400142885
Sentinel_2017_2019,3,Landsat_B8,18.744762302022373
Sentinel_2017_2019,3,Landsat_B9,0.6182339299979692
Sentinel_2017_2019,3,Mean_EVI,23.812032132013957
Sentinel_2017_2019,3,Mean_NDBI,20.741522104903094
Sentinel_2017_2019,3,Mean_NDVI,17.859913967688517
Sentinel_2017_2019,3,NDBI_constant,21.829007686327376
Sentinel_2017_2019,3,NDBI_cos_1,22.679675447532613
Sentinel_2017_2019,3,NDBI_cos_2,20.521834769096085
Sentinel_2017_2019,3,NDBI_cos_3,22.972831341363303
Sentinel_2017_2019,3,NDBI_sin_1,18.91729188624899
Sentinel_2017_2019,3,NDBI_sin_2,25.364222970060567
Sentinel_2017_2019,3,NDBI_sin_3,19.006075093025228
Sentinel_2017_2019,3,NDBI_t,16.63931402114249
Sentinel_2017_2019,3,NDVI_constant,27.502384760555643
Sentinel_2017_2019,3,NDVI_cos_1,19.633603350179197
Sentinel_2017_2019,3,NDVI_cos_2,25.320693418072153
Sentinel_2017_2019,3,NDVI_cos_3,22.165700901442612
Sentinel_2017_2019,3,NDVI_sin_1,26.290944022835003
Sentinel_2017_2019,3,NDVI_sin_2,29.04764220730542
Sentinel_2017_2019,3,NDVI_sin_3,22.331343937525745
Sentinel_2017_2019,3,NDVI_t,12.494203219843598
Sentinel_2017_2019,3,SLOPE,23.160338568413547
Sentinel_2017_2019,3,Sentinel_B1,32.525752645058496
Sentinel_2017_2019,3,Sentinel_B10,17.69748862453756
Sentinel_2017_2019,3,Sentinel_B11,21.990491876990962
Sentinel_2017_2019,3,Sentinel_B12,33.80467916730511
Sentinel_2017_2019,3,Sentinel_B2,29.95020365455466
Sentinel_2017_2019,3,Sentinel_B3,20.905153710338855
Sentinel_2017_2019,3,Sentinel_B4,19.364715548517726
Sentinel_2017_2019,3,Sentinel_B5,26.864767421441258
Sentinel_2017_2019,3,Sentinel_B6,25.49156233602501
Sentinel_2017_2019,3,Sentinel_B7,21.64830828254943
Sentinel_2017_2019,3,Sentinel_B8,23.7967813344767
Sentinel_2017_2019,3,Sentinel_B8A,24.252868591608394
Sentinel_2017_2019,3,Sentinel_B9,38.295037721729734
Sentinel_2017_2019,3,lrad,27.02565165763337
Sentinel_2017_2019,3,prec,28.167759256650616
Sentinel_2017_2019,3,pres,24.514033627897355
Sentinel_2017_2019,3,random,27.67514628174499
Sentinel_2017_2019,3,shum,25.860921527550587
Sentinel_2017_2019,3,srad,21.45943430489707
Sentinel_2017_2019,3,temp,26.712413224469284
Sentinel_2017_2019,3,wind,18.02084151328823
Sentinel_2017_2019,4,DEM,22.7963021855546
Sentinel_2017_2019,4,EVI_constant,21.757108268204174
Sentinel_2017_2019,4,EVI_cos_1,20.369300200583023
Sentinel_2017_2019,4,EVI_cos_2,20.372578656271358
Sentinel_2017_2019,4,EVI_cos_3,22.05520611712774
Sentinel_2017_2019,4,EVI_sin_1,30.690360174479594
Sentinel_2017_2019,4,EVI_sin_2,27.337260022427287
Sentinel_2017_2019,4,EVI_sin_3,20.091541746008765
Sentinel_2017_2019,4,EVI_t,18.22332434631637
Sentinel_2017_2019,4,Landsat_B1,18.19714240579927
Sentinel_2017_2019,4,Landsat_B10,12.524059213121042
Sentinel_2017_2019,4,Landsat_B11,16.686811394034084
Sentinel_2017_2019,4,Landsat_B2,18.658282879554694
Sentinel_2017_2019,4,Landsat_B3,15.200480774525614
Sentinel_2017_2019,4,Landsat_B4,19.431324850856043
Sentinel_2017_2019,4,Landsat_B5,27.835444601936043
Sentinel_2017_2019,4,Landsat_B6,19.735722701974467
Sentinel_2017_2019,4,Landsat_B7,36.47100187281842
Sentinel_2017_2019,4,Landsat_B8,18.739941453620578
Sentinel_2017_2019,4,Landsat_B9,0.40998201712533955
Sentinel_2017_2019,4,Mean_EVI,20.54767774567659
Sentinel_2017_2019,4,Mean_NDBI,19.87899319399206
Sentinel_2017_2019,4,Mean_NDVI,19.40316489375921
Sentinel_2017_2019,4,NDBI_constant,25.313045053034486
Sentinel_2017_2019,4,NDBI_cos_1,19.641948747598125
Sentinel_2017_2019,4,NDBI_cos_2,22.457777992709275
Sentinel_2017_2019,4,NDBI_cos_3,24.558056522017402
Sentinel_2017_2019,4,NDBI_sin_1,27.08977915181769
Sentinel_2017_2019,4,NDBI_sin_2,26.97684707808558
Sentinel_2017_2019,4,NDBI_sin_3,22.639773017515108
Sentinel_2017_2019,4,NDBI_t,12.687400616520998
Sentinel_2017_2019,4,NDVI_constant,21.197139777117858
Sentinel_2017_2019,4,NDVI_cos_1,20.796526735820574
Sentinel_2017_2019,4,NDVI_cos_2,22.662511998158177
Sentinel_2017_2019,4,NDVI_cos_3,19.8039964688063
Sentinel_2017_2019,4,NDVI_sin_1,25.94680513656201
Sentinel_2017_2019,4,NDVI_sin_2,22.95962327584278
Sentinel_2017_2019,4,NDVI_sin_3,22.477887315592483
Sentinel_2017_2019,4,NDVI_t,14.892144846193776
Sentinel_2017_2019,4,SLOPE,20.50510286538304
Sentinel_2017_2019,4,Sentinel_B1,27.5203206317592
Sentinel_2017_2019,4,Sentinel_B10,18.390782695791707
Sentinel_2017_2019,4,Sentinel_B11,18.479993242269153
Sentinel_2017_2019,4,Sentinel_B12,35.50851452178382
Sentinel_2017_2019,4,Sentinel_B2,31.152951195929784
Sentinel_2017_2019,4,Sentinel_B3,18.211364880125032
Sentinel_2017_2019,4,Sentinel_B4,22.863943030139794
Sentinel_2017_2019,4,Sentinel_B5,24.614357772412887
Sentinel_2017_2019,4,Sentinel_B6,27.41606768603544
Sentinel_2017_2019,4,Sentinel_B7,16.89718937969363
Sentinel_2017_2019,4,Sentinel_B8,24.612538263830054
Sentinel_2017_2019,4,Sentinel_B8A,20.11011095601957
Sentinel_2017_2019,4,Sentinel_B9,37.20196424544183
Sentinel_2017_2019,4,lrad,29.039570166990643
Sentinel_2017_2019,4,prec,26.02624136056567
Sentinel_2017_2019,4,pres,20.200524089577925
Sentinel_2017_2019,4,random,20.23174905845604
Sentinel_2017_2019,4,shum,25.897140734143694
Sentinel_2017_2019,4,srad,27.281927315432863
Sentinel_2017_2019,4,temp,28.815075640240376
Sentinel_2017_2019,4,wind,25.842606558703913
Sentinel_2017_2019,5,DEM,25.360244742622736
Sentinel_2017_2019,5,EVI_constant,16.32982008933532
Sentinel_2017_2019,5,EVI_cos_1,23.238238871523897
Sentinel_2017_2019,5,EVI_cos_2,23.176683385141395
Sentinel_2017_2019,5,EVI_cos_3,22.37379705956095
Sentinel_2017_2019,5,EVI_sin_1,25.199754822776274
Sentinel_2017_2019,5,EVI_sin_2,24.05054726127162
Sentinel_2017_2019,5,EVI_sin_3,19.144301711213885
Sentinel_2017_2019,5,EVI_t,16.81960907851855
Sentinel_2017_2019,5,Landsat_B1,14.197167055824195
Sentinel_2017_2019,5,Landsat_B10,18.255511517348342
Sentinel_2017_2019,5,Landsat_B11,8.77764391398557
Sentinel_2017_2019,5,Landsat_B2,17.22177940387993
Sentinel_2017_2019,5,Landsat_B3,16.35212791866464
Sentinel_2017_2019,5,Landsat_B4,16.94114829711826
Sentinel_2017_2019,5,Landsat_B5,17.91277230609089
Sentinel_2017_2019,5,Landsat_B6,23.327685358987843
Sentinel_2017_2019,5,Landsat_B7,36.794336699419816
Sentinel_2017_2019,5,Landsat_B8,18.029603659249744
Sentinel_2017_2019,5,Landsat_B9,0.9950112400869976
Sentinel_2017_2019,5,Mean_EVI,24.295970273524162
Sentinel_2017_2019,5,Mean_NDBI,18.380127739193856
Sentinel_2017_2019,5,Mean_NDVI,12.35783606836831
Sentinel_2017_2019,5,NDBI_constant,23.30231814810253
Sentinel_2017_2019,5,NDBI_cos_1,22.051248988180344
Sentinel_2017_2019,5,NDBI_cos_2,19.352699110046103
Sentinel_2017_2019,5,NDBI_cos_3,18.51265017926582
Sentinel_2017_2019,5,NDBI_sin_1,25.005691362948667
Sentinel_2017_2019,5,NDBI_sin_2,26.252687042936596
Sentinel_2017_2019,5,NDBI_sin_3,20.401706720712056
Sentinel_2017_2019,5,NDBI_t,15.931563215222212
Sentinel_2017_2019,5,NDVI_constant,19.760030476983488
Sentinel_2017_2019,5,NDVI_cos_1,19.160394871108117
Sentinel_2017_2019,5,NDVI_cos_2,18.069861951757993
Sentinel_2017_2019,5,NDVI_cos_3,18.318663299655057
Sentinel_2017_2019,5,NDVI_sin_1,27.118613924321775
Sentinel_2017_2019,5,NDVI_sin_2,22.13931242769318
Sentinel_2017_2019,5,NDVI_sin_3,17.059601524700746
Sentinel_2017_2019,5,NDVI_t,10.473385387017718
Sentinel_2017_2019,5,SLOPE,23.687734624957635
Sentinel_2017_2019,5,Sentinel_B1,24.9000033220193
Sentinel_2017_2019,5,Sentinel_B10,12.246621181656153
Sentinel_2017_2019,5,Sentinel_B11,25.628671741244034
Sentinel_2017_2019,5,Sentinel_B12,34.15754171376733
Sentinel_2017_2019,5,Sentinel_B2,27.832960152828196
Sentinel_2017_2019,5,Sentinel_B3,21.485711044056195
Sentinel_2017_2019,5,Sentinel_B4,24.153619266418374
Sentinel_2017_2019,5,Sentinel_B5,21.872611577088463
Sentinel_2017_2019,5,Sentinel_B6,23.80478191182345
Sentinel_2017_2019,5,Sentinel_B7,21.042000422378592
Sentinel_2017_2019,5,Sentinel_B8,27.41183981664721
Sentinel_2017_2019,5,Sentinel_B8A,22.41246869011726
Sentinel_2017_2019,5,Sentinel_B9,37.23737512646981
Sentinel_2017_2019,5,lrad,27.51144515097593
Sentinel_2017_2019,5,prec,28.896003849819497
Sentinel_2017_2019,5,pres,20.41333582108379
Sentinel_2017_2019,5,random,16.755483513032186
Sentinel_2017_2019,5,shum,27.427410791532225
Sentinel_2017_2019,5,srad,23.994078769217538
Sentinel_2017_2019,5,temp,29.44697285849091
Sentinel_2017_2019,5,wind,22.232879196065166
Sentinel_2017_2019,6,DEM,22.015404047964502
Sentinel_2017_2019,6,EVI_constant,18.35018001370686
Sentinel_2017_2019,6,EVI_cos_1,27.419700655610594
Sentinel_2017_2019,6,EVI_cos_2,19.5825287979024
Sentinel_2017_2019,6,EVI_cos_3,23.9217645106231
Sentinel_2017_2019,6,EVI_sin_1,25.512286359591936
Sentinel_2017_2019,6,EVI_sin_2,25.128381098252
Sentinel_2017_2019,6,EVI_sin_3,25.69649850850174
Sentinel_2017_2019,6,EVI_t,17.939945492380808
Sentinel_2017_2019,6,Landsat_B1,18.3491180232521
Sentinel_2017_2019,6,Landsat_B10,14.332191068292381
Sentinel_2017_2019,6,Landsat_B11,12.951295560203084
Sentinel_2017_2019,6,Landsat_B2,26.366004608688993
Sentinel_2017_2019,6,Landsat_B3,17.022291156081906
Sentinel_2017_2019,6,Landsat_B4,22.36857751910918
Sentinel_2017_2019,6,Landsat_B5,25.349671273214184
Sentinel_2017_2019,6,Landsat_B6,22.223949954046304
Sentinel_2017_2019,6,Landsat_B7,36.940024012133335
Sentinel_2017_2019,6,Landsat_B8,20.956191690776098
Sentinel_2017_2019,6,Landsat_B9,0.5
Sentinel_2017_2019,6,Mean_EVI,19.967935464224592
Sentinel_2017_2019,6,Mean_NDBI,19.66596323560983
Sentinel_2017_2019,6,Mean_NDVI,15.641379699044764
Sentinel_2017_2019,6,NDBI_constant,26.727379417998296
Sentinel_2017_2019,6,NDBI_cos_1,22.353250092230315
Sentinel_2017_2019,6,NDBI_cos_2,16.757719913997754
Sentinel_2017_2019,6,NDBI_cos_3,28.31157196779366
Sentinel_2017_2019,6,NDBI_sin_1,20.287828391029834
Sentinel_2017_2019,6,NDBI_sin_2,26.641526165507724
Sentinel_2017_2019,6,NDBI_sin_3,17.90760923977373
Sentinel_2017_2019,6,NDBI_t,15.631892164931907
Sentinel_2017_2019,6,NDVI_constant,21.6530427198913
Sentinel_2017_2019,6,NDVI_cos_1,21.739546525656696
Sentinel_2017_2019,6,NDVI_cos_2,28.098286544023964
Sentinel_2017_2019,6,NDVI_cos_3,23.81099841132823
Sentinel_2017_2019,6,NDVI_sin_1,27.283251840014195
Sentinel_2017_2019,6,NDVI_sin_2,21.04437194217087
Sentinel_2017_2019,6,NDVI_sin_3,20.49722750936826
Sentinel_2017_2019,6,NDVI_t,15.548216966709491
Sentinel_2017_2019,6,SLOPE,27.887155905334268
Sentinel_2017_2019,6,Sentinel_B1,29.85798126482206
Sentinel_2017_2019,6,Sentinel_B10,14.37872777372411
Sentinel_2017_2019,6,Sentinel_B11,21.257421883852096
Sentinel_2017_2019,6,Sentinel_B12,34.89455496233403
Sentinel_2017_2019,6,Sentinel_B2,28.501222038122247
Sentinel_2017_2019,6,Sentinel_B3,19.97574290179991
Sentinel_2017_2019,6,Sentinel_B4,22.170243481824595
Sentinel_2017_2019,6,Sentinel_B5,24.565282818934385
Sentinel_2017_2019,6,Sentinel_B6,24.04843116915112
Sentinel_2017_2019,6,Sentinel_B7,19.40556059349182
Sentinel_2017_2019,6,Sentinel_B8,29.803191940428515
Sentinel_2017_2019,6,Sentinel_B8A,21.072658014273525
Sentinel_2017_2019,6,Sentinel_B9,36.66448762315839
Sentinel_2017_2019,6,lrad,25.517335976634893
Sentinel_2017_2019,6,prec,26.972918697615306
Sentinel_2017_2019,6,pres,25.765145832564347
Sentinel_2017_2019,6,random,17.585401317056718
Sentinel_2017_2019,6,shum,26.62009246570511
Sentinel_2017_2019,6,srad,19.0815770697729
Sentinel_2017_2019,6,temp,23.48795017095901
Sentinel_2017_2019,6,wind,20.02562042322293
Sentinel_2017_2019,7,DEM,25.790397248254678
Sentinel_2017_2019,7,EVI_constant,18.785518612867392
Sentinel_2017_2019,7,EVI_cos_1,25.049266321980163
Sentinel_2017_2019,7,EVI_cos_2,20.722559543608103
Sentinel_2017_2019,7,EVI_cos_3,22.375909785768048
Sentinel_2017_2019,7,EVI_sin_1,30.169010550907906
Sentinel_2017_2019,7,EVI_sin_2,24.522373759715716
Sentinel_2017_2019,7,EVI_sin_3,21.649692442113604
Sentinel_2017_2019,7,EVI_t,16.15575955793727
Sentinel_2017_2019,7,Landsat_B1,14.349906461837813
Sentinel_2017_2019,7,Landsat_B10,14.04007279754819
Sentinel_2017_2019,7,Landsat_B11,14.032667381291166
Sentinel_2017_2019,7,Landsat_B2,14.941650745705052
Sentinel_2017_2019,7,Landsat_B3,12.944801901158428
Sentinel_2017_2019,7,Landsat_B4,19.86265267631493
Sentinel_2017_2019,7,Landsat_B5,24.964065461639926
Sentinel_2017_2019,7,Landsat_B6,19.62631735338084
Sentinel_2017_2019,7,Landsat_B7,32.784320728328424
Sentinel_2017_2019,7,Landsat_B8,19.428324724527705
Sentinel_2017_2019,7,Landsat_B9,0.39926503888068793
Sentinel_2017_2019,7,Mean_EVI,19.703848939989236
Sentinel_2017_2019,7,Mean_NDBI,20.889646549758957
Sentinel_2017_2019,7,Mean_NDVI,18.94647879146506
Sentinel_2017_2019,7,NDBI_constant,21.646418084364125
Sentinel_2017_2019,7,NDBI_cos_1,23.567816890349697
Sentinel_2017_2019,7,NDBI_cos_2,24.4011501047257
Sentinel_2017_2019,7,NDBI_cos_3,21.244797111673105
Sentinel_2017_2019,7,NDBI_sin_1,24.62374046405518
Sentinel_2017_2019,7,NDBI_sin_2,26.290579880705454
Sentinel_2017_2019,7,NDBI_sin_3,21.022539949340583
Sentinel_2017_2019,7,NDBI_t,15.402973481368182
Sentinel_2017_2019,7,NDVI_constant,22.392721679698475
Sentinel_2017_2019,7,NDVI_cos_1,19.858616224755714
Sentinel_2017_2019,7,NDVI_cos_2,24.76636845265097
Sentinel_2017_2019,7,NDVI_cos_3,21.72136156002231
Sentinel_2017_2019,7,NDVI_sin_1,29.42649166258984
Sentinel_2017_2019,7,NDVI_sin_2,24.98287871877099
Sentinel_2017_2019,7,NDVI_sin_3,15.114425737308597
Sentinel_2017_2019,7,NDVI_t,11.582063319284048
Sentinel_2017_2019,7,SLOPE,25.83392794323776
Sentinel_2017_2019,7,Sentinel_B1,23.919846850040543
Sentinel_2017_2019,7,Sentinel_B10,21.160609314250724
Sentinel_2017_2019,7,Sentinel_B11,24.922727019455824
Sentinel_2017_2019,7,Sentinel_B12,27.133979239111742
Sentinel_2017_2019,7,Sentinel_B2,24.01028583156163
Sentinel_2017_2019,7,Sentinel_B3,22.20649626040637
Sentinel_2017_2019,7,Sentinel_B4,20.05776893155063
Sentinel_2017_2019,7,Sentinel_B5,22.845097480097014
Sentinel_2017_2019,7,Sentinel_B6,23.572550825761578
Sentinel_2017_2019,7,Sentinel_B7,19.569920343805094
Sentinel_2017_2019,7,Sentinel_B8,25.53718679014828
Sentinel_2017_2019,7,Sentinel_B8A,29.90532492113879
Sentinel_2017_2019,7,Sentinel_B9,39.652554998776196
Sentinel_2017_2019,7,lrad,27.210042446450476
Sentinel_2017_2019,7,prec,20.14639527177875
Sentinel_2017_2019,7,pres,21.941377848847026
Sentinel_2017_2019,7,random,21.985600134558936
Sentinel_2017_2019,7,shum,27.46512190341971
Sentinel_2017_2019,7,srad,24.94218577826684
Sentinel_2017_2019,7,temp,24.379356026743526
Sentinel_2017_2019,7,wind,22.025228892328414
Sentinel_2017_2019,8,DEM,20.798309788415416
Sentinel_2017_2019,8,EVI_constant,17.74563940948785
Sentinel_2017_2019,8,EVI_cos_1,26.345096210723007
Sentinel_2017_2019,8,EVI_cos_2,30.79631131187188
Sentinel_2017_2019,8,EVI_cos_3,21.15115006275247
Sentinel_2017_2019,8,EVI_sin_1,29.44483812817344
Sentinel_2017_2019,8,EVI_sin_2,25.6801193039979
Sentinel_2017_2019,8,EVI_sin_3,19.274603805910317
Sentinel_2017_2019,8,EVI_t,10.579004264841972
Sentinel_2017_2019,8,Landsat_B1,16.50536369397884
Sentinel_2017_2019,8,Landsat_B10,12.697776253879276
Sentinel_2017_2019,8,Landsat_B11,13.684404744506972
Sentinel_2017_2019,8,Landsat_B2,18.382340102949758
Sentinel_2017_2019,8,Landsat_B3,17.747682860263545
Sentinel_2017_2019,8,Landsat_B4,21.24390690034583
Sentinel_2017_2019,8,Landsat_B5,19.665561707185862
Sentinel_2017_2019,8,Landsat_B6,21.149982915420484
Sentinel_2017_2019,8,Landsat_B7,35.712683476271906
Sentinel_2017_2019,8,Landsat_B8,20.558175343900423
Sentinel_2017_2019,8,Landsat_B9,0.25695595003287314
Sentinel_2017_2019,8,Mean_EVI,23.017919923939385
Sentinel_2017_2019,8,Mean_NDBI,20.18302909095179
Sentinel_2017_2019,8,Mean_NDVI,19.388314714779078
Sentinel_2017_2019,8,NDBI_constant,21.386739642869127
Sentinel_2017_2019,8,NDBI_cos_1,25.495364005162745
Sentinel_2017_2019,8,NDBI_cos_2,17.13154914100351
Sentinel_2017_2019,8,NDBI_cos_3,21.058345548280847
Sentinel_2017_2019,8,NDBI_sin_1,23.59294178332639
Sentinel_2017_2019,8,NDBI_sin_2,22.925816120396902
Sentinel_2017_2019,8,NDBI_sin_3,19.67999153717773
Sentinel_2017_2019,8,NDBI_t,13.267066530128686
Sentinel_2017_2019,8,NDVI_constant,22.752137730507695
Sentinel_2017_2019,8,NDVI_cos_1,20.914245571657258
Sentinel_2017_2019,8,NDVI_cos_2,22.71941418429958
Sentinel_2017_2019,8,NDVI_cos_3,24.28387224122105
Sentinel_2017_2019,8,NDVI_sin_1,26.509604149216848
Sentinel_2017_2019,8,NDVI_sin_2,22.939181413516735
Sentinel_2017_2019,8,NDVI_sin_3,18.52256594091459
Sentinel_2017_2019,8,NDVI_t,8.89607239007313
Sentinel_2017_2019,8,SLOPE,19.381831758231108
Sentinel_2017_2019,8,Sentinel_B1,23.229055026735992
Sentinel_2017_2019,8,Sentinel_B10,20.331384121520852
Sentinel_2017_2019,8,Sentinel_B11,21.568774118665253
Sentinel_2017_2019,8,Sentinel_B12,25.65120995965351
Sentinel_2017_2019,8,Sentinel_B2,32.309612802450744
Sentinel_2017_2019,8,Sentinel_B3,27.452730852231312
Sentinel_2017_2019,8,Sentinel_B4,23.87172879414432
Sentinel_2017_2019,8,Sentinel_B5,20.227500567736197
Sentinel_2017_2019,8,Sentinel_B6,31.694916378581002
Sentinel_2017_2019,8,Sentinel_B7,22.27055702765791
Sentinel_2017_2019,8,Sentinel_B8,27.762139305011942
Sentinel_2017_2019,8,Sentinel_B8A,22.566064473320782
Sentinel_2017_2019,8,Sentinel_B9,35.31269843846109
Sentinel_2017_2019,8,lrad,29.9694272756628
Sentinel_2017_2019,8,prec,23.151336880720756
Sentinel_2017_2019,8,pres,20.860246077358738
Sentinel_2017_2019,8,random,21.38565118994514
Sentinel_2017_2019,8,shum,35.4789066986334
Sentinel_2017_2019,8,srad,25.890639542387706
Sentinel_2017_2019,8,temp,28.04817952061132
Sentinel_2017_2019,8,wind,23.328797221089467
Sentinel_2017_2019,9,DEM,19.866875781491586
Sentinel_2017_2019,9,EVI_constant,21.957962594874942
Sentinel_2017_2019,9,EVI_cos_1,21.15453133772116
Sentinel_2017_2019,9,EVI_cos_2,21.89465665183299
Sentinel_2017_2019,9,EVI_cos_3,22.435943282347104
Sentinel_2017_2019,9,EVI_sin_1,26.273782134925955
Sentinel_2017_2019,9,EVI_sin_2,24.041701003576385
Sentinel_2017_2019,9,EVI_sin_3,19.250721301041732
Sentinel_2017_2019,9,EVI_t,11.958508189390189
Sentinel_2017_2019,9,Landsat_B1,20.049292727945076
Sentinel_2017_2019,9,Landsat_B10,17.335310388502773
Sentinel_2017_2019,9,Landsat_B11,12.961894383140384
Sentinel_2017_2019,9,Landsat_B2,17.360197898357278
Sentinel_2017_2019,9,Landsat_B3,13.128676175608247
Sentinel_2017_2019,9,Landsat_B4,24.49965883086488
Sentinel_2017_2019,9,Landsat_B5,21.02385508644772
Sentinel_2017_2019,9,Landsat_B6,24.661525124585523
Sentinel_2017_2019,9,Landsat_B7,38.63262751097861
Sentinel_2017_2019,9,Landsat_B8,22.13564056898052
Sentinel_2017_2019,9,Landsat_B9,0.4305555555555556
Sentinel_2017_2019,9,Mean_EVI,15.338416850359076
Sentinel_2017_2019,9,Mean_NDBI,13.881855010146905
Sentinel_2017_2019,9,Mean_NDVI,18.859463453434376
Sentinel_2017_2019,9,NDBI_constant,22.93448395039443
Sentinel_2017_2019,9,NDBI_cos_1,26.418978671220845
Sentinel_2017_2019,9,NDBI_cos_2,17.527497301559606
Sentinel_2017_2019,9,NDBI_cos_3,18.87538855575587
Sentinel_2017_2019,9,NDBI_sin_1,25.625562101750496
Sentinel_2017_2019,9,NDBI_sin_2,24.518829727420727
Sentinel_2017_2019,9,NDBI_sin_3,18.248956359020116
Sentinel_2017_2019,9,NDBI_t,13.912535667503661
Sentinel_2017_2019,9,NDVI_constant,25.740459612161345
Sentinel_2017_2019,9,NDVI_cos_1,23.31293218322781
Sentinel_2017_2019,9,NDVI_cos_2,18.72360323965678
Sentinel_2017_2019,9,NDVI_cos_3,20.443692653634237
Sentinel_2017_2019,9,NDVI_sin_1,24.89600759803143
Sentinel_2017_2019,9,NDVI_sin_2,24.169956788942596
Sentinel_2017_2019,9,NDVI_sin_3,27.970249671235827
Sentinel_2017_2019,9,NDVI_t,16.778385113039224
Sentinel_2017_2019,9,SLOPE,22.761240065337244
Sentinel_2017_2019,9,Sentinel_B1,24.781362249459697
Sentinel_2017_2019,9,Sentinel_B10,17.954777318581634
Sentinel_2017_2019,9,Sentinel_B11,29.20533710450374
Sentinel_2017_2019,9,Sentinel_B12,37.73224458932445
Sentinel_2017_2019,9,Sentinel_B2,23.718697967446396
Sentinel_2017_2019,9,Sentinel_B3,19.785804420208507
Sentinel_2017_2019,9,Sentinel_B4,22.052271900449597
Sentinel_2017_2019,9,Sentinel_B5,22.594182034905682
Sentinel_2017_2019,9,Sentinel_B6,23.870597347214254
Sentinel_2017_2019,9,Sentinel_B7,23.009814726213715
Sentinel_2017_2019,9,Sentinel_B8,21.920612641043046
Sentinel_2017_2019,9,Sentinel_B8A,23.703298067554183
Sentinel_2017_2019,9,Sentinel_B9,32.90682928549772
Sentinel_2017_2019,9,lrad,22.82989851603131
Sentinel_2017_2019,9,prec,25.23094178414869
Sentinel_2017_2019,9,pres,25.62013884812976
Sentinel_2017_2019,9,random,17.828229543175095
Sentinel_2017_2019,9,shum,27.234132865584
Sentinel_2017_2019,9,srad,21.58123517866605
Sentinel_2017_2019,9,temp,29.32466782999651
Sentinel_2017_2019,9,wind,22.266766172328104
