NDVI,NDBI,EVI,time
0.2853383937167501,-0.3795558087447249,0.3631394735260858,2017-01-01
0.2846863093589331,-0.3796632327057816,0.3626598970294424,2017-01-02
0.2838102229390075,-0.37954890395586943,0.36194716484774747,2017-01-03
0.28271942912435855,-0.3792219364949284,0.3610165579809522,2017-01-04
0.281423963883864,-0.3786921013837465,0.35988412499769906,2017-01-05
0.27993457145664574,-0.37796979522323393,0.35856662772165687,2017-01-06
0.27826266928739335,-0.37706600687832365,0.35708148487240016,2017-01-07
0.27642031102863407,-0.37599228254019823,0.3554467138234325,2017-01-08
0.2744201477155759,-0.37476068922501976,0.3536808706450641,2017-01-09
0.27227538722433076,-0.37338377681169443,0.3518029886046992,2017-01-10
0.2699997521289029,-0.3718745387251177,0.34983251530120146,2017-01-11
0.2676074360766819,-0.37024637137499716,0.34778924861370364,2017-01-12
0.2651130588064424,-0.36851303246386397,0.3456932716486342,2017-01-13
0.2625316199363822,-0.3666885982808541,0.3435648868713235,2017-01-14
0.25987845165308116,-0.36478742010052817,0.34142454961062785,2017-01-15
0.25716917043553195,-0.36282407980871123,0.33929280112720134,2017-01-16
0.25441962795070266,-0.36081334487907496,0.33719020143657225,2017-01-17
0.25164586125984495,-0.3587701228264286,0.3351372620796281,2017-01-18
0.24886404247591143,-0.3567094152634402,0.33315437903223016,2017-01-19
0.24609042801494418,-0.35464627168943896,0.33126176594647483,2017-01-20
0.24334130758443911,-0.3525957431398454,0.3294793879140047,2017-01-21
0.24063295305315768,-0.3505728358258091,0.3278268959412903,2017-01-22
0.23798156734683823,-0.34859246489333723,0.3263235623243017,2017-01-23
0.23540323351420211,-0.346669408430883,0.3249882171075169,2017-01-24
0.23291386410756526,-0.3448182618540279,0.3238391858097154,2017-01-25
0.23052915102079907,-0.34305339279424485,0.3228942285946616,2017-01-26
0.228264515927119,-0.3413888966181911,0.32217048106183105,2017-01-27
0.22613506145659035,-0.3398385527014587,0.3216843968268378,2017-01-28
0.22415552325199078,-0.33841578157932933,0.3214516920572333,2017-01-29
0.22234022303877493,-0.33713360309423723,0.3214872921231661,2017-01-30
0.22070302284261328,-0.33600459565738866,0.3218052805173081,2017-01-31
0.21925728048420712,-0.3350408567384089,0.32241885019146854,2017-02-01
0.218015806478423,-0.33425396469423646,0.3233402574513964,2017-02-02
0.21699082246017154,-0.3336549420442054,0.3245807785435759,2017-02-03
0.21619392125589432,-0.33325422029482005,0.326150669060876,2017-02-04
0.21563602871471388,-0.3330616064132732,0.32805912628600165,2017-02-05
0.21532736740868297,-0.33308625104440776,0.33031425458352864,2017-02-06
0.2152774223063486,-0.33333661856100694,0.3329230339429783,2017-02-07
0.21549490851852304,-0.33382045903237917,0.3358912917667952,2017-02-08
0.21598774120952258,-0.3345447821909894,0.33922367798793146,2017-02-09
0.2167630077611794,-0.33551583347144925,0.34292364359273825,2017-02-10
0.2178269422708473,-0.33673907219061205,0.34699342261556043,2017-02-11
0.2191849024581738,-0.33821915193160895,0.3514340176615196,2017-02-12
0.2208413490488516,-0.33995990318872493,0.3562451890045021,2017-02-13
0.22279982769686535,-0.3419643183239293,0.3614254472975914,2017-02-14
0.2250629534996611,-0.3442345388794379,0.3669720499227646,2017-02-15
0.22763239815372593,-0.3467718452844453,0.3728810009971331,2017-02-16
0.23050887979073353,-0.3495766489875278,0.37914705504244267,2017-02-17
0.23369215552716965,-0.352648487039743,0.3857637243149309,2017-02-18
0.23718101675276676,-0.35598601914659533,0.3927232897817988,2017-02-19
0.24097328717565586,-0.3595870272004387,0.40001681572103154,2017-02-20
0.24506582363474477,-0.3634484172982434,0.4076341679112103,2017-02-21
0.24945451968184945,-0.36756622424254176,0.4155640353675106,2017-02-22
0.25413431192879493,-0.3719356185168512,0.4237939555705922,2017-02-23
0.25909918914720037,-0.3765509157202324,0.43231034312571776,2017-02-24
0.2643422041006112,-0.38140558843845074,0.4410985217788254,2017-02-25
0.26985548808159465,-0.38649228052302004,0.4501427597079696,2017-02-26
0.2756302681188823,-0.3918028237427248,0.4594263079990368,2017-02-27
0.2816568868119423,-0.3973282567654282,0.4689314422053421,2017-02-28
0.2879248247435304,-0.4030588464219692,0.47863950688263274,2017-03-01
0.294422725413283,-0.4089841111973674,0.4885309629821795,2017-03-02
0.30113842262892343,-0.41509284688888826,0.4985854379772977,2017-03-03
0.30805897028413876,-0.4213731543639166,0.5087817785898407,2017-03-04
0.3151706744461069,-0.42781246934531925,0.5190981059767138,2017-03-05
0.32245912766927876,-0.43439759414642526,0.5295118732294931,2017-03-06
0.3299092454451857,-0.4411147312718019,0.5399999250327272,2017-03-07
0.3375053046926879,-0.44794951879539985,0.550538559321214,2017-03-08
0.345230984187412,-0.4548870674227541,0.5611035907708207,2017-03-09
0.3530694068229983,-0.4619119991386302,0.5716704159511362,2017-03-10
0.36100318359226874,-0.4690084873376823,0.5822140799643122,2017-03-11
0.3690144591715927,-0.47616029833156276,0.592709344390067,2017-03-12
0.37708495898645705,-0.48335083412142266,0.6031307563519609,2017-03-13
0.3851960376328748,-0.49056317632194163,0.6134527185177904,2017-03-14
0.3933287285248712,-0.4977801311193194,0.6236495598433932,2017-03-15
0.40146379463502657,-0.5049842751429601,0.6336956068670601,2017-03-16
0.4095817801915436,-0.5121580021276776,0.6435652553595661,2017-03-17
0.41766306319255336,-0.5192835702410166,0.6532330421334844,2017-03-18
0.42568790859663613,-0.5263431499489464,0.6626737168155944,2017-03-19
0.4336365220450227,-0.5333188722903057,0.6718623133840468,2017-03-20
0.4414891039707128,-0.5401928774303772,0.6807742212740882,2017-03-21
0.4492259039476953,-0.5469473633623844,0.6893852558558697,2017-03-22
0.4568272751325882,-0.5535646346251568,0.6976717280893606,2017-03-23
0.4642737286505196,-0.5600271509050001,0.7056105131631214,2017-03-24
0.4715459877774432,-0.5663175753903551,0.7131791179266973,2017-03-25
0.4786250417707637,-0.5724188227477865,0.7203557469284992,2017-03-26
0.4854921992008565,-0.5783141065886943,0.7271193668744921,2017-03-27
0.492129140637758,-0.5839869862978643,0.7334497693276159,2017-03-28
0.49851797054824587,-0.5894214130960301,0.7393276314715197,2017-03-29
0.5046412682604727,-0.5946017752105819,0.7447345747673147,2017-03-30
0.5104821378557086,-0.599512942030871,0.7496532213373593,2017-03-31
0.5160242568492659,-0.6041403071270337,0.7540672479158896,2017-04-01
0.5212519235260171,-0.6084698300143918,0.7579614372127336,2017-04-02
0.5261501027986678,-0.6124880765481739,0.7613217265424925,2017-04-03
0.5307044704612355,-0.6161822578372711,0.7641352535791031,2017-04-04
0.5349014557141929,-0.6195402675694882,0.7663903991030162,2017-04-05
0.538728281841745,-0.6225507176445195,0.7680768266157838,2017-04-06
0.5421730049269237,-0.6252029720156597,0.7691855187053418,2017-04-07
0.5452245504951494,-0.6274871786458186,0.7697088100536238,2017-04-08
0.5478727479819446,-0.6293942994880811,0.7696404169867976,2017-04-09
0.55010836292648,-0.6309161384064842,0.7689754634776701,2017-04-10
0.5519231267984646,-0.6320453669579971,0.7677105035189845,2017-04-11
0.5533097643718428,-0.63277554796214,0.7658435397959451,2017-04-12
0.5542620185654467,-0.6331011567906804,0.7633740385960242,2017-04-13
0.5547746726772671,-0.6330176003157719,0.7603029409041594,2017-04-14
0.5548435699457308,-0.6325212334609357,0.7566326696412023,2017-04-15
0.5544656303785679,-0.6316093733057921,0.7523671330141618,2017-04-16
0.553638864796861,-0.6302803107017226,0.7475117239567445,2017-04-17
0.552362386049365,-0.628533319362332,0.7420733156490658,2017-04-18
0.5506364173594805,-0.6263686623991772,0.7360602531161778,2017-04-19
0.5484622977750222,-0.623787596280082,0.7294823409151894,2017-04-20
0.545842484698315,-0.6207923721939625,0.7223508269310692,2017-04-21
0.5427805534821901,-0.6173862348132665,0.7146783823121325,2017-04-22
0.53928119408502,-0.6135734184518258,0.7064790775861566,2017-04-23
0.5353502047856774,-0.6093591406227414,0.6977683550080058,2017-04-24
0.5309944829674238,-0.6047495930082075,0.6885629972007268,2017-04-25
0.5262220129871438,-0.5997519298596103,0.6788810921609001,2017-04-26
0.5210418511544462,-0.5943742538534696,0.6687419947097681,2017-04-27
0.5154641078524488,-0.5886255994351254,0.6581662844803011,2017-04-28
0.5094999268402359,-0.5825159136893491,0.6471757205408581,2017-04-29
0.5031614617841058,-0.5760560347832201,0.6357931927643342,2017-04-30
0.4964618500720354,-0.5692576680330115,0.6240426700604067,2017-05-01
0.4894151839736457,-0.5621333596537547,0.6119491455980405,2017-05-02
0.48203647921456416,-0.5546964682558453,0.5995385791526732,2017-05-03
0.47434164104095883,-0.5469611341590137,0.5868378367202753,2017-05-04
0.4663474278574241,-0.5389422466005072,0.5738746275490797,2017-05-05
0.45807141252733435,-0.5306554089193622,0.5606774387458029,2017-05-06
0.4495319414310212,-0.5221169018040345,0.5472754676198216,2017-05-07
0.44074809138397986,-0.5133436446966405,0.533698551936273,2017-05-08
0.4317396245221445,-0.5043531554510833,0.5199770982533192,2017-05-09
0.4225269412677552,-0.49516350834798767,0.5061420085256988,2017-05-10
0.41313103149338093,-0.4857932905726732,0.49222460515973426,2017-05-11
0.4035734240081542,-0.47626155726807834,0.47825655471178513,2017-05-12
0.39387613449348186,-0.46658778527708944,0.46426979042389255,2017-05-13
0.3840616120203548,-0.45679182569284654,0.4502964337947025,2017-05-14
0.3741526842845517,-0.4468938553391524,0.43636871538695665,2017-05-15
0.36417250169942267,-0.4369143273058385,0.4225188950749316,2017-05-16
0.354144480488449,-0.42687392066591345,0.40877918193606083,2017-05-17
0.34409224492420293,-0.4167934895051418,0.3951816539945053,2017-05-18
0.3340395688612079,-0.4066940113951415,0.38175817802295475,2017-05-19
0.32401031671299063,-0.39659653544333,0.3685403296101961,2017-05-20
0.3140283840255171,-0.38652213005461433,0.3555593137019155,2017-05-21
0.3041176377999892,-0.3764918305400439,0.3428458858206682,2017-05-22
0.29430185671928477,-0.366526586708683,0.33043027417008697,2017-05-23
0.2846046714321258,-0.35664721057843213,0.31834210282558,2017-05-24
0.27504950505021886,-0.3468743243424738,0.30661031621267804,2017-05-25
0.26565951401232735,-0.3372283087265227,0.29526310506993797,2017-05-26
0.2564575294688011,-0.32772925187148094,0.28432783409018336,2017-05-27
0.2474659993389844,-0.31839689887491956,0.27383097142986,2017-05-28
0.2387069311926041,-0.30925060212341904,0.26379802027199317,2017-05-29
0.2302018361038929,-0.3003092725454754,0.25425345262269117,2017-05-30
0.2219716736247509,-0.29159133191225484,0.24522064551552888,2017-05-31
0.21403679802133102,-0.2831146663117034,0.23672181979306378,2017-06-01
0.20641690591453038,-0.2748965809177354,0.2287779816273792,2017-06-02
0.19913098546146063,-0.2669537561730005,0.22140886693480458,2017-06-03
0.19219726721181146,-0.2593022055008758,0.21463288883339646,2017-06-04
0.1856331767680875,-0.25195723465764824,0.2084670882832827,2017-06-05
0.17945528937424954,-0.2449334028317307,0.2029270880420678,2017-06-06
0.1736792865530501,-0.23824448559298012,0.19802705005968949,2017-06-07
0.16831991490633957,-0.23190343978952388,0.19377963642757495,2017-06-08
0.16339094718789715,-0.2259223704853131,0.19019597398862584,2017-06-09
0.1589051457516964,-0.22031250002546277,0.18728562270446758,2017-06-10
0.15487422847353421,-0.21508413931207176,0.18505654786772716,2017-06-11
0.15130883723664734,-0.21024666136650239,0.1835150962364173,2017-06-12
0.1482185090659333,-0.20580847724865342,0.18266597615800884,2017-06-13
0.14561164998853549,-0.20177701439776274,0.18251224174037664,2017-06-14
0.14349551169153657,-0.1981586974528175,0.18305528111645056,2017-06-15
0.14187617104010175,-0.19495893160404099,0.18429480883883334,2017-06-16
0.14075851251256138,-0.19218208852094038,0.18622886243017642,2017-06-17
0.14014621360089363,-0.18983149489511042,0.18885380310423405,2017-06-18
0.14004173321778263,-0.1879094236294841,0.19216432066202302,2017-06-19
0.1404463031435526,-0.1864170876989163,0.19615344255651568,2017-06-20
0.14135992253846003,-0.18535463669987146,0.2008125471086424,2017-06-21
0.14278135553791804,-0.1847211561000225,0.20613138084691984,2017-06-22
0.14470813194027393,-0.18451466919168918,0.2120980799318281,2017-06-23
0.1471365509887801,-0.18473214174582764,0.21869919561614354,2017-06-24
0.15006168824135208,-0.18536948935636072,0.22591972368145474,2017-06-25
0.1534774055138875,-0.18642158745760862,0.2337431377814266,2017-06-26
0.15737636387470005,-0.18788228399059997,0.24215142661150568,2017-06-27
0.16175003965991347,-0.18974441468712888,0.25112513481543075,2017-06-28
0.166588743471961,-0.191999820933702,0.2606434075293898,2017-06-29
0.17188164211522405,-0.1946393701706337,0.27068403845444466,2017-06-30
0.17761678341554515,-0.19765297877503235,0.2812235213394099,2017-07-01
0.1837811238629851,-0.2010296373700339,0.2922371047476582,2017-07-02
0.19036055900936932,-0.2047574384960486,0.3036988499718803,2017-07-03
0.1973399565454744,-0.20882360657383872,0.31558169195353575,2017-07-04
0.2047031919758621,-0.21321453008335242,0.32785750305605127,2017-07-05
0.21243318680197312,-0.2179157958760767,0.34049715953229737,2017-07-06
0.22051194911839964,-0.22291222553357634,0.3534706105212829,2017-07-07
0.22892061652017667,-0.2281879136790185,0.36674694940106023,2017-07-08
0.23763950121400582,-0.23372626814414263,0.3802944873204579,2017-07-09
0.24664813721920006,-0.23951005188828603,0.39408082872432565,2017-07-10
0.25592532953997804,-0.24552142656243556,0.4080729486838305,2017-07-11
0.26544920518511295,-0.25174199760652305,0.42223727183780346,2017-07-12
0.2751972659059153,-0.2581528607641795,0.43653975274660656,2017-07-13
0.2851464425192337,-0.26473464989541096,0.4509459574565851,2017-07-14
0.295273150678752,-0.2714675859649051,0.46542114607102303,2017-07-15
0.3055533479525538,-0.2783315270794319,0.4799303561186245,2017-07-16
0.3159625920630724,-0.28530601944623885,0.4944384865107156,2017-07-17
0.32647610014186995,-0.2923703491213465,0.5089103818758208,2017-07-18
0.33706880884878704,-0.29950359441457247,0.5233109170589094,2017-07-19
0.34771543520331033,-0.30668467881661876,0.5376050815729264,2017-07-20
0.35839053797369086,-0.3138924243120033,0.5517580637896765,2017-07-21
0.3690685794686469,-0.32110560494105767,0.5657353346587748,2017-07-22
0.3797239875742725,-0.3283030004728031,0.5795027307430106,2017-07-23
0.3903312178791132,-0.3354634500508792,0.5930265363615309,2017-07-24
0.4008648157301485,-0.342565905674787,0.6062735646345033,2017-07-25
0.4112994780616687,-0.3495894853785154,0.6192112372245406,2017-07-26
0.42161011484062516,-0.35651352597009084,0.6318076625748147,2017-07-27
0.43177190997284226,-0.36331763519663396,0.644031712447381,2017-07-28
0.44176038151547004,-0.36998174320069405,0.6558530965690945,2017-07-29
0.45155144104311906,-0.3764861531357221,0.6672424351977079,2017-07-30
0.46112145201739546,-0.3828115908107584,0.6781713294261903,2017-07-31
0.4704472870124166,-0.3889392532371487,0.6886124290494213,2017-08-01
0.4795063836509791,-0.3948508559523907,0.6985394978226837,2017-08-02
0.4882767991103106,-0.4005286790000295,0.7079274759491679,2017-08-03
0.49673726306001026,-0.40595561144799375,0.7167525396407457,2017-08-04
0.5048672288980312,-0.4111151943310633,0.7249921576029215,2017-08-05
0.5126469231560838,-0.4159916619080003,0.7326251443040056,2017-08-06
0.5200573929496153,-0.42056998112762595,0.7396317098958015,2017-08-07
0.5270805513537344,-0.4248358892036084,0.7459935066628789,2017-08-08
0.5336992205904538,-0.4287759292016972,0.7516936718850759,2017-08-09
0.5398971729195802,-0.4323774835492582,0.7567168670083936,2017-08-10
0.5456591691309679,-0.4356288053819091,0.7610493130283407,2017-08-11
0.5509709945419902,-0.4385190476477816,0.7646788219995145,2017-08-12
0.5558194924107592,-0.4410382898958159,0.7675948245953881,2017-08-13
0.5601925946826491,-0.4431775626808202,0.7697883936526075,2017-08-14
0.5640793499937851,-0.4449288695237095,0.7712522636439086,2017-08-15
0.567469948863136,-0.44628520637230207,0.7719808460348404,2017-08-16
0.5703557460117247,-0.4472405785142423,0.7719702404897357,2017-08-17
0.572729279754873,-0.4477900149003651,0.7712182419031011,2017-08-18
0.5745842884212184,-0.44792957984360154,0.7697243432434113,2017-08-19
0.5759157237597846,-0.4476563820653803,0.7674897342070376,2017-08-20
0.5767197613043346,-0.4469685810683853,0.764517295690692,2017-08-21
0.576993807671907,-0.44586539082149645,0.760811590101676,2017-08-22
0.5767365047805952,-0.44434708074980384,0.7563788475358191,2017-08-23
0.5759477309794716,-0.4424149740295108,0.751226947863424,2017-08-24
0.5746285990915695,-0.44007144319470154,0.7453653987743898,2017-08-25
0.5727814513788708,-0.43731990306987545,0.7388053098437487,2017-08-26
0.5704098514460679,-0.43416480104901284,0.7315593626888441,2017-08-27
0.5675185731079279,-0.43061160474908255,0.7236417772999386,2017-08-28
0.5641135862528402,-0.4266667870725484,0.715068274635331,2017-08-29
0.5602020397427534,-0.422337808720076,0.705856035581423,2017-08-30
0.555792241397634,-0.41763309820161726,0.6960236563881929,2017-08-31
0.5508936351197764,-0.41256202940015063,0.6855911006986145,2017-09-01
0.5455167752208178,-0.4071348967489428,0.6745796482997476,2017-09-02
0.539673298021334,-0.4013628880891832,0.6630118407310766,2017-09-03
0.533375890800102,-0.39525805528108954,0.6509114238941681,2017-09-04
0.5266382581768785,-0.38883328264734107,0.6383032878150732,2017-09-05
0.5194750860185566,-0.3821022533327825,0.62521340371714,2017-09-06
0.5119020029659389,-0.37507941367072284,0.6116687585705486,2017-09-07
0.5039355396833954,-0.3677799356502977,0.597697287289297,2017-09-08
0.49559308593989077,-0.36021967758465934,0.5833278027529523,2017-09-09
0.48689284563551627,-0.35241514308451166,0.5685899238362148,2017-09-10
0.4778537898927858,-0.3443834384457649,0.5535140016339561,2017-09-11
0.4684956083361318,-0.3361422285635129,0.5381310440727446,2017-09-12
0.4588386586890333,-0.32770969148958273,0.5224726391060875,2017-09-13
0.4489039148208234,-0.31910447175291007,0.5065708766914108,2017-09-14
0.43871291338034507,-0.31034563256625236,0.49045826975167944,2017-09-15
0.4282876991560126,-0.30145260704456894,0.4741676743251164,2017-09-16
0.41765076930615275,-0.2924451485639009,0.4577322091101605,2017-09-17
0.4068250166053218,-0.2833432803908958,0.4411851746125595,2017-09-18
0.39583367185459295,-0.27416724471486464,0.42455997210213614,2017-09-19
0.3847002456067475,-0.26493745121650475,0.40789002258840124,2017-09-20
0.3734484693579374,-0.25567442530769824,0.3912086860223345,2017-09-21
0.3621022363585159,-0.24639875617749324,0.37454918093068457,2017-09-22
0.35068554219748804,-0.2371310447805508,0.3579445046891324,2017-09-23
0.3392224253143947,-0.22789185190350764,0.34142735463713336,2017-09-24
0.3277369075923679,-0.21870164644433865,0.32503005023470094,2017-09-25
0.31625293518672504,-0.20958075403996074,0.30878445645987157,2017-09-26
0.3047943197411821,-0.20054930617508382,0.2927219086399385,2017-09-27
0.29338468014411945,-0.19162718990520983,0.2768731389076866,2017-09-28
0.2820473849731728,-0.18283399832286762,0.2612682044658705,2017-09-29
0.27080549577787744,-0.1741889818968963,0.24593641784285872,2017-09-30
0.25968171134437723,-0.16571100080949708,0.2309062793123317,2017-10-01
0.2486983130853161,-0.15741847841451145,0.21620541164662033,2017-10-02
0.2378771116939128,-0.14932935593659735,0.20186049736546735,2017-10-03
0.22723939519840441,-0.14146104852805869,0.18789721863628156,2017-10-04
0.2168058785487183,-0.13383040279609637,0.17434019997397193,2017-10-05
0.2065966548623901,-0.12645365590873797,0.1612129538802203,2017-10-06
0.19663114845369228,-0.11934639638459221,0.1485378295559055,2017-10-07
0.18692806976349313,-0.11252352666578708,0.13633596481018986,2017-10-08
0.17750537230275693,-0.10599922756913682,0.12462724128178299,2017-10-09
0.1683802117174451,-0.09978692470567424,0.11343024307954461,2017-10-10
0.1595689070763679,-0.09389925695311119,0.10276221893966203,2017-10-11
0.15108690447709433,-0.088348047059934,0.09263904798687675,2017-10-12
0.1429487430599804,-0.08314427445499308,0.08307520917891403,2017-10-13
0.135168023512438,-0.07829805032949917,0.07408375450181329,2017-10-14
0.1277573791399202,-0.07381859505298995,0.06567628597501923,2017-10-15
0.12072844957228894,-0.06971421797798223,0.057862936513926176,2017-10-16
0.11409185716806901,-0.065992299682206,0.05065235468834855,2017-10-17
0.10785718617107663,-0.06265927669030498,0.04405169340412709,2017-10-18
0.1020329646666112,-0.05972062871033891,0.0380666025247876,2017-10-19
0.09662664937745717,-0.05718086841401144,0.03270122544030498,2017-10-20
0.09164461333171446,-0.0550435337823887,0.02795819957886058,2017-10-21
0.08709213642688422,-0.05331118303211631,0.02383866084717875,2017-10-22
0.08297339890735121,-0.051985392130461064,0.02034225197507083,2017-10-23
0.07929147776411409,-0.05106675490034847,0.01746713472897967,2017-10-24
0.07604834605793241,-0.050554885709778855,0.015210005949272125,2017-10-25
0.07324487515962368,-0.05044842473321605,0.013566117356219952,2017-10-26
0.0708808398930325,-0.05074504576558038,0.012529299059350678,2017-10-27
0.06895492655876294,-0.05144146656272881,0.012091986695237776,2017-10-28
0.06746474380900368,-0.05253346167572627,0.012245252109479013,2017-10-29
0.06640683633631943,-0.05401587773939938,0.012978837489025528,2017-10-30
0.065776701331818,-0.055882651169391964,0.014281192842406245,2017-10-31
0.06556880766061916,-0.058126828215406455,0.016139516716234998,2017-11-01
0.06577661769575181,-0.060740587312226105,0.018539800028490365,2017-11-02
0.0663926117441374,-0.06371526366383158,0.021466872890351447,2017-11-03
0.06740831499198839,-0.0670413759904991,0.024904454281488287,2017-11-04
0.06881432688987447,-0.07070865536243105,0.02883520443538053,2017-11-05
0.07060035289176046,-0.07470607603861713,0.03324077978522343,2017-11-06
0.07275523845577951,-0.07902188822400753,0.03810189031376079,2017-11-07
0.07526700520893445,-0.08364365265314747,0.04339835914467459,2017-11-08
0.07812288917199443,-0.08855827690365,0.04910918420719048,2017-11-09
0.08130938093570403,-0.09375205333834638,0.0552126018005346,2017-11-10
0.08481226767444097,-0.09921069857099227,0.061686151880348664,2017-11-11
0.08861667687844518,-0.10491939434594091,0.06850674488433738,2017-11-12
0.09270712168154763,-0.11086282971896286,0.07565072991113993,2017-11-13
0.09706754765733569,-0.11702524442311527,0.08309396406325557,2017-11-14
0.10168138095259929,-0.12339047330000638,0.0908118827614869,2017-11-15
0.1065315776238637,-0.1299419916746052,0.09877957083675469,2017-11-16
0.1116006740398742,-0.13666296154941657,0.10697183420351299,2017-11-17
0.11687083820981795,-0.14353627849121445,0.11536327191711275,2017-11-18
0.12232392189520483,-0.15054461908237257,0.12392834841749502,2017-11-19
0.12794151336150691,-0.15767048880751702,0.13264146576155156,2017-11-20
0.13370499062368849,-0.16489627024458772,0.14147703564616082,2017-11-21
0.13959557503922318,-0.17220427142948128,0.15040955102577486,2017-11-22
0.14559438510125047,-0.17957677426272498,0.15941365712945826,2017-11-23
0.1516824902842517,-0.18699608282689653,0.16846422168446715,2017-11-24
0.1578409647947269,-0.19444457148365932,0.17753640415582958,2017-11-25
0.16405094107966092,-0.20190473262007372,0.1866057238143386,2017-11-26
0.17029366294723444,-0.20935922391561143,0.195648126449874,2017-11-27
0.17655053815423852,-0.21679091500144912,0.20464004954929477,2017-11-28
0.18280319031761808,-0.22418293338672488,0.21355848576439618,2017-11-29
0.18903351000884558,-0.23151870952783696,0.22238104449942006,2017-11-30
0.19522370489254667,-0.23878202091951514,0.2310860114533623,2017-12-01
0.20135634877359246,-0.24595703508917668,0.23965240595817985,2017-12-02
0.2074144294198367,-0.253028351379031,0.24806003596011966,2017-12-03
0.21338139503193307,-0.2599810414044818,0.25628955049895064,2017-12-04
0.2192411992343596,-0.26680068807988344,0.264322489545515,2017-12-05
0.2249783444671629,-0.27347342310789263,0.27214133106693517,2017-12-06
0.230577923661857,-0.2799859628323952,0.27972953519596827,2017-12-07
0.23602566008981665,-0.28632564235942054,0.2870715853890346,2017-12-08
0.24130794527664848,-0.2924804478554255,0.29415302646610464,2017-12-09
0.24641187488194913,-0.2984390469377715,0.30096049943481595,2017-12-10
0.25132528244858454,-0.3041908170765141,0.3074817730090817,2017-12-11
0.25603677093263366,-0.30972587193319273,0.31370577174290465,2017-12-12
0.26053574193053225,-0.3150350855671602,0.31962260070862236,2017-12-13
0.26481242252697634,-0.32011011444652065,0.3252235666591654,2017-12-14
0.26885788969317403,-0.3249434172061012,0.33050119562293395,2017-12-15
0.2726640921723042,-0.3295282721016101,0.335449246890412,2017-12-16
0.27622386979595254,-0.33385879211539327,0.3400627233615705,2017-12-17
0.2795309701820644,-0.33792993767522156,0.344337878232744,2017-12-18
0.28258006277257985,-0.3417375269545314,0.34827221801230074,2017-12-19
0.2853667501762153,-0.34527824372909904,0.3518645018645042,2017-12-20
0.28788757678902915,-0.3485496427714774,0.3551147372907613,2017-12-21
0.2901400346732343,-0.35155015277163476,0.35802417216796945,2017-12-22
0.2921225666822179,-0.3542790767789289,0.3605952831736422,2017-12-23
0.2938345668271068,-0.35673659016704,0.36283176063719413,2017-12-24
0.29527637788809075,-0.35892373613061057,0.364738489866951,2017-12-25
0.29644928628113687,-0.3608424187288463,0.36632152901202425,2017-12-26
0.29735551419834977,-0.36249539349815396,0.36758808352766376,2017-12-27
0.29799820904768204,-0.3638862556623979,0.3685464773221914,2017-12-28
0.2983814302251125,-0.36501942597595805,0.36920612067250635,2017-12-29
0.29851013325988085,-0.36590013424136664,0.36957747500445454,2017-12-30
0.2983901513803079,-0.3665344005492993,0.3696720146423761,2017-12-31
0.2980281745551653,-0.3669290142953096,0.3695021856411543,2018-01-01
0.2974317260721141,-0.36709151103339166,0.36908136182140217,2018-01-02
0.296609136721862,-0.36703014723263244,0.3684237981367696,2018-01-03
0.2955695166628863,-0.3667538730086417,0.36754458150899927,2018-01-04
0.294322725048291,-0.36627230290729135,0.3664595792739855,2018-01-05
0.29287933750216555,-0.3655956848232227,0.3651853853879644,2018-01-06
0.29125061153903475,-0.3647348671410325,0.36373926454974104,2018-01-07
0.28944845002539465,-0.36370126419161,0.362139094400091,2018-01-08
0.2874853627877223,-0.36250682012076146,0.36040330596488784,2018-01-09
0.2853744264765721,-0.3611639712716411,0.3585508225134095,2018-01-10
0.2831292428010326,-0.35968560718649595,0.35660099700751124,2018-01-11
0.2807638952522494,-0.3580850303369564,0.35457354832117577,2018-01-12
0.2782929044390587,-0.35637591469569113,0.3524884964134727,2018-01-13
0.27573118216239373,-0.35457226326527647,0.35036609664064594,2018-01-14
0.27309398435855853,-0.3526883646829457,0.3482267733953722,2018-01-15
0.2703968630448069,-0.35073874902256497,0.34609105326327144,2018-01-16
0.2676556174031978,-0.3487381429172364,0.3439794978878844,2018-01-17
0.2648862441410536,-0.34670142412776017,0.34191263673611555,2018-01-18
0.2621048872685775,-0.34464357568387577,0.3399108999565719,2018-01-19
0.25932778743554247,-0.342579639726198,0.3379945515227949,2018-01-20
0.2565712309701887,-0.3405246711775483,0.3361836228524508,2018-01-21
0.25385149876455326,-0.33849369137312,0.33449784709272273,2018-01-22
0.25118481515053603,-0.33650164177867653,0.3329565942596346,2018-01-23
0.24858729691152587,-0.3345633379262124,0.3315788074174577,2018-01-24
0.24607490257331222,-0.3326934236952645,0.33038294008053837,2018-01-25
0.24366338211824173,-0.3309063260679673,0.329386895017594,2018-01-26
0.24136822726445667,-0.3292162104838335,0.32860796463358577,2018-01-27
0.23920462245128754,-0.32763693691929374,0.32806277310089355,2018-01-28
0.23718739666944838,-0.32618201681458975,0.3277672204058977,2018-01-29
0.23533097627286403,-0.3248645709687721,0.32773642847254286,2018-01-30
0.2336493389057293,-0.3236972885204282,0.32798468951803483,2018-01-31
0.23215596867583171,-0.3226923871292273,0.3285254167901841,2018-02-01
0.23086381270174078,-0.3218615744700813,0.3293710978292835,2018-02-02
0.22978523915732807,-0.3212160111478237,0.33053325039006687,2018-02-03
0.22893199693357102,-0.32076627513695527,0.33202238115265953,2018-02-04
0.22831517703270127,-0.32052232784642165,0.33384794734300227,2018-02-05
0.22794517580543605,-0.3204934819053608,0.33601832137589854,2018-02-06
0.22783166013670247,-0.3206883707607966,0.33854075862497934,2018-02-07
0.22798353468009774,-0.32111492017349735,0.3414213684156499,2018-02-08
0.2284089112357412,-0.3217803216930323,0.34466508832790654,2018-02-09
0.22911508036027783,-0.32269100818767144,0.34827566188696946,2018-02-10
0.23010848529176398,-0.32385263149925647,0.3522556197104191,2018-02-11
0.23139469826577697,-0.32527004228730666,0.3566062641706647,2018-02-12
0.23297839929257547,-0.3269472721207267,0.3613276576221346,2018-02-13
0.23486335745847925,-0.3288875178694299,0.3664186142328287,2018-02-14
0.23705241480760708,-0.3310931284418013,0.37187669544950647,2018-02-15
0.23954747285314748,-0.33356559390765644,0.37769820911610025,2018-02-16
0.242349481760207,-0.33630553703991817,0.3838782122549228,2018-02-17
0.2454584322347332,-0.33931270730142254,0.39041051750956535,2018-02-18
0.2488733501458601,-0.3425859772968729,0.39728770323886403,2018-02-19
0.2525922939012836,-0.34612334170300857,0.40450112724071574,2018-02-20
0.2566123545880577,-0.3499219186836071,0.41204094407495323,2018-02-21
0.2609296588831754,-0.353977953788768,0.41989612594386233,2018-02-22
0.26553937473099853,-0.35828682633142384,0.4280544870794297,2018-02-23
0.27043571977708675,-0.3628430582273628,0.436502711576995,2018-02-24
0.2756119725399288,-0.3676403252778663,0.4452263846043426,2018-02-25
0.2810604862950053,-0.37267147086784186,0.4542100269068953,2018-02-26
0.28677270563807045,-0.3779285220456393,0.46343713252011665,2018-02-27
0.2927391856868356,-0.383402707943947,0.472890209590906,2018-02-28
0.29894961387318536,-0.3890844804949529,0.4825508242013132,2018-03-01
0.3053928342712072,-0.3949635373869593,0.49239964708007017,2018-03-02
0.3120568743984466,-0.40102884720269727,0.5024165030778409,2018-03-03
0.3189289744219184,-0.4072686766744968,0.5125804232759389,2018-03-04
0.32599561869294214,-0.4136706199849043,0.5228696995894914,2018-03-05
0.33324256952910924,-0.4202216300363791,0.5332619417200724,2018-03-06
0.3406549031546158,-0.42690805160750056,0.5437341363049015,2018-03-07
0.3482170477047973,-0.4337156563084968,0.5542627081043702,2018-03-08
0.35591282319497536,-0.4406296792439456,0.5648235830638118,2018-03-09
0.36372548334753346,-0.44763485728515945,0.5753922530790606,2018-03-10
0.3716377591665541,-0.45471546885085445,0.585943842291287,2018-03-11
0.37963190414444703,-0.4618553750905307,0.5964531747321038,2018-03-12
0.3876897409796671,-0.469038062360425,0.6068948431349775,2018-03-13
0.3957927096810187,-0.4762466858788967,0.6172432787264128,2018-03-14
0.40392191693009266,-0.483464114444788,0.6274728218073363,2018-03-15
0.4120581865689827,-0.49067297609859184,0.6375577929316131,2018-03-16
0.42018211107814835,-0.4978557046044485,0.6474725644879098,2018-03-17
0.4282741039053934,-0.5049945866277351,0.6571916324883679,2018-03-18
0.4363144525056277,-0.5120718094820734,0.6666896883682085,2018-03-19
0.4442833719473258,-0.5190695093164718,0.6759416905979262,2018-03-20
0.4521610589412908,-0.5259698196132608,0.684922935911769,2018-03-21
0.4599277461451889,-0.5327549198658066,0.693609129955788,2018-03-22
0.46756375659635196,-0.5394070843043534,0.7019764571601135,2018-03-23
0.4750495581247231,-0.5459087305380248,0.7100016496416772,2018-03-24
0.4823658175983451,-0.5522424679816929,0.71766205494677,2018-03-25
0.48949345485256845,-0.5583911459355884,0.7249357024438743,2018-03-26
0.4964136961561887,-0.5643379011875354,0.7318013681822141,2018-03-27
0.5031081270679246,-0.5700662050081066,0.7382386380341993,2018-03-28
0.5095587445381187,-0.57555990941053,0.744227968944473,2018-03-29
0.5157480081124769,-0.5808032925491041,0.7497507481130379,2018-03-30
0.5216588900966914,-0.585781103131903,0.7547893499451364,2018-03-31
0.5272749245436865,-0.5904786037263277,0.7593271906064845,2018-04-01
0.5325802549274878,-0.5948816128382882,0.7633487800280078,2018-04-02
0.5375596803716126,-0.5989765456494535,0.7668397712113264,2018-04-03
0.5421987003032909,-0.6027504533002269,0.7697870066929452,2018-04-04
0.5464835574088595,-0.6061910606098841,0.7721785620325297,2018-04-05
0.5504012787698318,-0.6092868021291914,0.7740037861981902,2018-04-06
0.5539397150640876,-0.612026856425373,0.7752533387300322,2018-04-07
0.557087577721594,-0.6144011785038626,0.7759192235715267,2018-04-08
0.5598344739290075,-0.6164005302758544,0.7759948194668336,2018-04-09
0.5621709393834542,-0.6180165089860647,0.7754749068314034,2018-04-10
0.5640884687015381,-0.6192415735203581,0.7743556910123041,2018-04-11
0.5655795433955226,-0.6200690685182972,0.7726348218642575,2018-04-12
0.5666376573352617,-0.620493246221638,0.7703114095771284,2018-04-13
0.5672573396209166,-0.6205092859956435,0.7673860367003489,2018-04-14
0.5674341747981755,-0.6201133114661526,0.7638607663200191,2018-04-15
0.5671648203548385,-0.6193024052217185,0.7597391463544005,2018-04-16
0.5664470214446038,-0.6180746210364527,0.7550262099439986,2018-04-17
0.5652796227913607,-0.6164289935758356,0.7497284719225262,2018-04-18
0.5636625777345421,-0.6143655455543251,0.7438539213658591,2018-04-19
0.5615969543838412,-0.6118852923204479,0.7374120102262355,2018-04-20
0.5590849388589602,-0.6089902438516347,0.7304136380692658,2018-04-21
0.5561298355980814,-0.6056834041482324,0.7228711329422256,2018-04-22
0.5527360647263105,-0.6019687680228131,0.7147982284120915,2018-04-23
0.5489091564830915,-0.5978513152877357,0.706210036821728,2018-04-24
0.5446557427156794,-0.5933370023511623,0.6971230188237133,2018-04-25
0.5399835454533034,-0.5884327512383082,0.6875549492603813,2018-04-26
0.5349013625843793,-0.5831464360615448,0.6775248794686909,2018-04-27
0.5294190506671914,-0.5774868669701068,0.6670530960986947,2018-04-28
0.5235475049117266,-0.5714637716164781,0.6561610765431031,2018-04-29
0.5172986363782363,-0.5650877741835001,0.6448714410851969,2018-04-30
0.5106853464450823,-0.5583703720222918,0.6332079018804121,2018-05-01
0.5037214986064003,-0.5513239099581251,0.6211952088967335,2018-05-02
0.49642188766677176,-0.5439615523271389,0.6088590929463649,2018-05-03
0.48880220640700994,-0.5362972528127637,0.5962262059489994,2018-05-04
0.4808790098026156,-0.5283457221572921,0.5833240585756948,2018-05-05
0.47266967688245476,-0.5201223938291327,0.5701809554284968,2018-05-06
0.46419237032150534,-0.5116433877317041,0.556825927917683,2018-05-07
0.455465993868389,-0.5029254720459458,0.5432886650060602,2018-05-08
0.44651014771359915,-0.49398602330278263,0.5295994419945697,2018-05-09
0.4373450819098756,-0.48484298478660076,0.5157890475288948,2018-05-10
0.42799164796230676,-0.47551482337614603,0.5018887090130398,2018-05-11
0.41847124870978764,-0.46602048493253095,0.4879300166188979,2018-05-12
0.4088057866247659,-0.456379348348637,0.47394484608581394,2018-05-13
0.3990176106621396,-0.4466111783773838,0.459965280507061,2018-05-14
0.389129461792715,-0.4367360773602712,0.4460235313039196,2018-05-15
0.3791644173600737,-0.42677443598035264,0.43215185859021266,2018-05-16
0.36914583440230125,-0.4167468831658627,0.41838249113113507,2018-05-17
0.3590972920845427,-0.4066742352746168,0.40474754610387537,2018-05-18
0.34904253338932684,-0.3965774446898307,0.3912789488661801,2018-05-19
0.3390054062144802,-0.38647754796033057,0.3780083529403896,2018-05-20
0.3290098040304113,-0.3763956136197356,0.3649670604204929,2018-05-21
0.319079606249757,-0.36635268981993013,0.3521859430087725,2018-05-22
0.3092386184626239,-0.35636975191412246,0.3396953638863668,2018-05-23
0.29951051269286505,-0.3464676501266177,0.32752510062239193,2018-05-24
0.28991876782935866,-0.33666705744478853,0.31570426932173806,2018-05-25
0.2804866103867974,-0.3269884178689691,0.30426125020981587,2018-05-26
0.2712369557500095,-0.3174518951554609,0.2932236148492684,2018-05-27
0.26219235005433683,-0.30807732218613365,0.28261805517919114,2018-05-28
0.25337491285352404,-0.29888415109705424,0.27247031456341847,2018-05-29
0.24480628072411803,-0.28989140429606103,0.26280512102880577,2018-05-30
0.23650755195412804,-0.2811176264980292,0.2536461228701902,2018-05-31
0.2284992324602203,-0.2725808379031665,0.24501582679183456,2018-06-01
0.22080118307477226,-0.26429848864085204,0.23693553874894713,2018-06-02
0.21343256834143448,-0.25628741459909105,0.22942530764687988,2018-06-03
0.20641180695331396,-0.2485637947553202,0.22250387204754835,2018-06-04
0.19975652396396765,-0.2411431101206722,0.21618861002527703,2018-06-05
0.19348350489727062,-0.23404010440600254,0.21049549230665196,2018-06-06
0.18760865187719578,-0.22726874651337842,0.2054390388203692,2018-06-07
0.18214694189342573,-0.22084219495199087,0.20103227877441515,2018-06-08
0.1771123873131653,-0.2147727642723562,0.19728671436885611,2018-06-09
0.17251799874433627,-0.20907189360807876,0.19421228824368547,2018-06-10
0.1683757503487881,-0.2037501174083875,0.19181735475114647,2018-06-11
0.16469654769801312,-0.19881703843909104,0.19010865513234168,2018-06-12
0.161490198257757,-0.19428130312424102,0.1890912966681906,2018-06-13
0.15876538458063938,-0.1901505792940693,0.18876873586426288,2018-06-14
0.15652964027944521,-0.18643153639911098,0.18914276571895547,2018-06-15
0.15478932884610772,-0.18312982824344762,0.19021350711378718,2018-06-16
0.1535496253746938,-0.18025007828417988,0.19197940435420374,2018-06-17
0.15281450123867293,-0.17779586753695234,0.19443722487839904,2018-06-18
0.15258671176550967,-0.17576972512087416,0.19758206314118598,2018-06-19
0.15286778694376954,-0.17417312146939948,0.20140734866895696,2018-06-20
0.15365802519012908,-0.17300646422662833,0.2059048582711127,2018-06-21
0.15495649019577937,-0.17226909684152583,0.21106473238285647,2018-06-22
0.15676101086379382,-0.17195929986570388,0.21687549550308183,2018-06-23
0.159068184340989,-0.17207429495318263,0.2233240806809786,2018-06-24
0.16187338213994154,-0.17261025155360307,0.2303958579944557,2018-06-25
0.1651707593386534,-0.17356229628338773,0.23807466695283735,2018-06-26
0.16895326683755954,-0.17492452495227048,0.24634285274654344,2018-06-27
0.1732126666455038,-0.17669001721575653,0.25518130625614904,2018-06-28
0.17793955015875237,-0.17885085381728846,0.2645695077240967,2018-06-29
0.1831233593889466,-0.18139813637700355,0.2744855739819364,2018-06-30
0.18875241108855714,-0.1843220096774175,0.2849063091174622,2018-07-01
0.19481392371500647,-0.18761168638994233,0.2958072584573311,2018-07-02
0.20129404716677082,-0.19125547417953268,0.3071627657312317,2018-07-03
0.20817789521802274,-0.1952408051187509,0.31894603327628146,2018-07-04
0.2154495805714863,-0.19955426733660894,0.3311291851325621,2018-07-05
0.22309225244176809,-0.2041816388213568,0.3436833328721423,2018-07-06
0.23108813657541075,-0.20910792329106262,0.3565786439978136,2018-07-07
0.23941857760767835,-0.21431738804050773,0.3697844127411847,2018-07-08
0.2480640836492933,-0.2197936036673178,0.3832691330823661,2018-07-09
0.25700437299139944,-0.2255194855758436,0.3970005738090873,2018-07-10
0.26621842281098956,-0.23147733715239302,0.410945855426903,2018-07-11
0.2756845197542415,-0.23764889450119545,0.4250715287279453,2018-07-12
0.2853803122698416,-0.24401537262623826,0.4393436548206114,2018-07-13
0.29528286456003144,-0.25055751294030454,0.45372788641909845,2018-07-14
0.3053687120136182,-0.257255631979712,0.4681895501894165,2018-07-15
0.3156139179798012,-0.2640896711989333,0.48269372994349663,2018-07-16
0.3259941317397188,-0.27103924771762633,0.49720535047304126,2018-07-17
0.3364846475288546,-0.2780837058895335,0.5116892618120984,2018-07-18
0.34706046446049343,-0.285202169560577,0.5261103237159053,2018-07-19
0.357696347198272,-0.29237359488164444,0.5404334901432605,2018-07-20
0.36836688722468913,-0.2995768235408024,0.5546238935306599,2018-07-21
0.3790465645491888,-0.3067906362772724,0.5686469286446308,2018-07-22
0.3897098097001838,-0.31399380654019704,0.582468335802338,2018-07-23
0.4003310658431777,-0.32116515415375263,0.5960542832501525,2018-07-24
0.41088485086804605,-0.3282835988510312,0.6093714484936549,2018-07-25
0.4213458192873387,-0.3353282135385918,0.622387098373554,2018-07-26
0.43168882378897094,-0.34227827715497716,0.6350691676865649,2018-07-27
0.44188897628756724,-0.34911332698755754,0.6473863361539606,2018-07-28
0.4519217083190946,-0.35581321031285684,0.6593081035436336,2018-07-29
0.46176283062607626,-0.36235813522792765,0.6708048627574318,2018-07-30
0.4713885917827592,-0.36872872054244643,0.6818479707007111,2018-07-31
0.48077573571124,-0.374906044603085,0.6924098167557394,2018-08-01
0.4899015579433656,-0.38087169292514045,0.7024638886878825,2018-08-02
0.4987439604864465,-0.38660780450949134,0.7119848358200173,2018-08-03
0.5072815051535924,-0.3920971167258326,0.7209485293167202,2018-08-04
0.5154934652246439,-0.3973230086476717,0.729332119428527,2018-08-05
0.5233598753067592,-0.4022695427277674,0.737114089553059,2018-08-06
0.5308615792702756,-0.4069215047083397,0.7442743069799562,2018-08-07
0.5379802761378887,-0.4112644416632344,0.7507940701924702,2018-08-08
0.5446985638129325,-0.41528469807573837,0.756656152609927,2018-08-09
0.5509999805367718,-0.4189694498600044,0.761844842663033,2018-08-10
0.5568690439718162,-0.42230673623972276,0.7663459801040192,2018-08-11
0.5622912878124374,-0.4252854894031456,0.7701469884629853,2018-08-12
0.5672532958327278,-0.42789556185943617,0.7732369035719645,2018-08-13
0.571742733287008,-0.4301277514275825,0.7756063980885461,2018-08-14
0.5757483755850438,-0.4319738237947676,0.7772478019606243,2018-08-15
0.5792601341718667,-0.4334265325880058,0.7781551187849145,2018-08-16
0.5822690795489304,-0.4344796369090252,0.7783240380221043,2018-08-17
0.5847674613807027,-0.43512791628907777,0.7777519430421986,2018-08-18
0.5867487256385181,-0.4353671830271209,0.7764379149844769,2018-08-19
0.5882075287412785,-0.43519429188169767,0.7743827324270859,2018-08-20
0.5891397486600225,-0.43460714709361364,0.7715888668721946,2018-08-21
0.5895424929616542,-0.4336047067236236,0.7680604740632475,2018-08-22
0.589414103774773,-0.43218698429626173,0.7638033811617109,2018-08-23
0.5887541596686446,-0.43035504774795075,0.758825069821042,2018-08-24
0.5875634744442662,-0.42811101568465454,0.753134655206522,2018-08-25
0.5858440928445474,-0.42545805096128264,0.7467428610196968,2018-08-26
0.5835992831984561,-0.4224003516019335,0.7396619905962101,2018-08-27
0.5808335270220376,-0.4189431390872096,0.7319058941564051,2018-08-28
0.5775525056070016,-0.41509264404152174,0.7234899322974367,2018-08-29
0.5737630836352163,-0.4108560893599572,0.7144309358250525,2018-08-30
0.5694732898653899,-0.406241670821284,0.7047471620332512,2018-08-31
0.5646922949455386,-0.4012585352398895,0.6944582475483985,2018-09-01
0.5594303864121033,-0.39591675621575056,0.6835851578629323,2018-09-02
0.5536989409442454,-0.3902273075482101,0.6721501336931364,2018-09-03
0.5475103939483492,-0.3842020343848193,0.6601766343022831,2018-09-04
0.5408782065551816,-0.37785362218294316,0.6476892779393024,2018-09-05
0.5338168301179355,-0.37119556356667177,0.6347137795487793,2018-09-06
0.5263416683068839,-0.3642421231680788,0.6212768859170146,2018-09-07
0.5184690369014786,-0.35700830054608274,0.6074063084233994,2018-09-08
0.5102161213869981,-0.34950979128151094,0.593130653573046,2018-09-09
0.501600932468574,-0.34176294635179455,0.5784793514924613,2018-09-10
0.4926422596206229,-0.33378472989304064,0.5634825825747839,2018-09-11
0.48335962279397443,-0.32559267546073506,0.5481712024645856,2018-09-12
0.4737732224090222,-0.3172048409054187,0.5325766655785247,2018-09-13
0.4639038877661339,-0.3086397619819377,0.5167309473593896,2018-09-14
0.4537730240090776,-0.29991640481461335,0.5006664654649479,2018-09-15
0.4434025577810559,-0.29105411734374337,0.4844160000959572,2018-09-16
0.43281488171565236,-0.28207257988097323,0.4680126136686886,2018-09-17
0.42203279790826626,-0.2729917549036374,0.4514895700394545,2018-09-18
0.4110794605153274,-0.2638318362194182,0.43488025348828235,2018-09-19
0.3999783176318045,-0.2546131976351575,0.4182180876709626,2018-09-20
0.3887530525982364,-0.24535634126400963,0.4015364547469405,2018-09-21
0.37742752488973524,-0.23608184560590034,0.3848686148896832,2018-09-22
0.36602571074126605,-0.22681031353752112,0.368247626386276,2018-09-23
0.354571643662968,-0.21756232034734496,0.3517062665296064,2018-09-24
0.3430893549993046,-0.20835836195086443,0.33527695350406433,2018-09-25
0.3316028146865115,-0.19921880342146675,0.3189916694642313,2018-09-26
0.32013587236103763,-0.1901638279705411,0.3028818850010746,2018-09-27
0.3087121989705067,-0.18121338650908952,0.28697848518620356,2018-09-28
0.2973552290382084,-0.17238714792224408,0.27131169738174604,2018-09-29
0.286088103728902,-0.16370445018505625,0.2559110209966216,2018-09-30
0.27493361486219925,-0.15518425244618828,0.2408051593657818,2018-10-01
0.2639141500164877,-0.14684508820302672,0.22602195392219668,2018-10-02
0.25305163886394094,-0.13870501968918147,0.21158832082611084,2018-10-03
0.24236750087329523,-0.1307815935917323,0.19753019020863014,2018-10-04
0.2318825945126233,-0.1230917982114126,0.18387244817888615,2018-10-05
0.22161716808174725,-0.1156520221762158,0.17063888173842842,2018-10-06
0.21159081229781435,-0.10847801481339515,0.15785212673658944,2018-10-07
0.20182241475353535,-0.10158484828098364,0.14553361899325432,2018-10-08
0.1923301163623414,-0.09498688155506442,0.1337035487068366,2018-10-09
0.18313126989928846,-0.08869772636399294,0.12238081825639471,2018-10-10
0.174242400740843,-0.08273021515555647,0.11158300349759591,2018-10-11
0.1656791699001107,-0.07709637117711095,0.10132631864227094,2018-10-12
0.15745633944910184,-0.07180738074396499,0.09162558480306347,2018-10-13
0.1495877404119114,-0.06687356776446625,0.0824942022734746,2018-10-14
0.14208624320646177,-0.06230437058456485,0.0739441266040095,2018-10-15
0.13496373070594656,-0.058108321208570526,0.06598584852558088,2018-10-16
0.1282310739835931,-0.05429302694618744,0.058628377760320254,2018-10-17
0.12189811079695577,-0.05086515452927994,0.05187923074959785,2018-10-18
0.11597362686145089,-0.047830416735748414,0.045744422319390125,2018-10-19
0.11046533995435974,-0.045193561550571824,0.040228461291730265,2018-10-20
0.10537988688369347,-0.042958363887744676,0.035334350041199995,2018-10-21
0.1007228133480406,-0.041127619889676025,0.03106358798439614,2018-10-22
0.09649856670644706,-0.039703143814065166,0.027416178980544426,2018-10-23
0.09271049166906435,-0.0386857675110975,0.02439064261054565,2018-10-24
0.08936082891162386,-0.038075342487008744,0.021984029291655372,2018-10-25
0.08645071660935204,-0.037870744543282285,0.02019193917517838,2018-10-26
0.08398019487776717,-0.03806988097374777,0.01900854476422974,2018-10-27
0.08194821310018055,-0.03866970029514435,0.018426617178995647,2018-10-28
0.08035264011429075,-0.039666204479990495,0.018437555987480304,2018-10-29
0.07919027722240105,-0.04105446365392414,0.0190314225102103,2018-10-30
0.07845687398242604,-0.04282863321325461,0.02019697649844153,2018-10-31
0.07814714672961168,-0.0449819733119394,0.021921716076566636,2018-11-01
0.07825479977154301,-0.04750687066109152,0.024191920831005173,2018-11-02
0.07877254919195323,-0.05039486257777778,0.02699269791941762,2018-11-03
0.07969214919222686,-0.053636663214396,0.03030803106692785,2018-11-04
0.08100442089245899,-0.05722219189355568,0.034120832307691654,2018-11-05
0.08269928350788988,-0.06114060346845965,0.03841299632401128,2018-11-06
0.08476578780995095,-0.06538032062312224,0.043165457227882245,2018-11-07
0.08719215177554093,-0.06992906802179358,0.048358247624078796,2018-11-08
0.0899657983220237,-0.0747739082119426,0.053970559787563724,2018-11-09
0.09307339502066656,-0.07990127918116754,0.05998080878368549,2018-11-10
0.09650089567530465,-0.08529703346315418,0.06636669735337204,2018-11-11
0.10023358364899168,-0.09094647868471342,0.07310528238252449,2018-11-12
0.10425611681636551,-0.09683441944171131,0.08017304277007199,2018-11-13
0.10855257401558313,-0.10294520038833191,0.08754594850610185,2018-11-14
0.11310650286967197,-0.1092627504211002,0.09519953076847944,2018-11-15
0.11790096884380322,-0.11577062783620254,0.1031089528440811,2018-11-16
0.12291860540206936,-0.12245206633654901,0.1112490816793026,2018-11-17
0.1281416651241609,-0.1292900217622233,0.119594559862416,2018-11-18
0.13355207164036934,-0.13626721941673978,0.1281198778402578,2018-11-19
0.13913147224143554,-0.1433662018601294,0.13679944617155818,2018-11-20
0.1448612910177098,-0.1505693770381665,0.14560766761878569,2018-11-21
0.15072278238137357,-0.15785906661692609,0.15451900888196848,2018-11-22
0.15669708482472458,-0.16521755439149874,0.16350807177936183,2018-11-23
0.16276527476660538,-0.172627134636997,0.1725496636809203,2018-11-24
0.16890842033955614,-0.18007016027093967,0.18161886700371804,2018-11-25
0.175107634970709,-0.18752909069678594,0.1906911075814163,2018-11-26
0.1813441306096897,-0.1949865391987413,0.19974222172248904,2018-11-27
0.1875992704586323,-0.20242531976013037,0.20874852177682646,2018-11-28
0.19385462106067405,-0.2098284931788665,0.21768686003419632,2018-11-29
0.2000920036053558,-0.21717941235586027,0.22653469078318153,2018-11-30
0.2062935443116243,-0.22446176663429238,0.23527013036427552,2018-12-01
0.21244172375175843,-0.23165962507048501,0.24387201505664774,2018-12-02
0.2185194249833175,-0.2387574785207185,0.25231995664507506,2018-12-03
0.2245099803584459,-0.24574028043046273,0.26059439551864405,2018-12-04
0.23039721688487147,-0.25259348621734823,0.2686766511613461,2018-12-05
0.23616550001642767,-0.2593030911425675,0.27654896990136674,2018-12-06
0.24179977575546135,-0.2658556665695162,0.28419456979352187,2018-12-07
0.24728561095426552,-0.27223839451313353,0.2915976825175655,2018-12-08
0.2526092317081049,-0.27843910038840103,0.2987435921837771,2018-12-09
0.25775755973731235,-0.28444628387100596,0.30561867094539424,2018-12-10
0.2627182466616239,-0.290249147788452,0.31221041132648086,2018-12-11
0.2674797060761896,-0.29583762496567884,0.3185074551833669,2018-12-12
0.27203114334454115,-0.3012024029546805,0.32449961922698384,2018-12-13
0.2763625830300907,-0.3063349465832195,0.3301779170426999,2018-12-14
0.28046489389453805,-0.31122751826411776,0.3355345775545055,2018-12-15
0.2843298113981305,-0.31587319601243985,0.3405630598898779,2018-12-16
0.2879499576439267,-0.32026588912455056,0.34525806461206693,2018-12-17
0.2913188587148508,-0.32440035147888696,0.3496155412960166,2018-12-18
0.29443095935993363,-0.3282721924252735,0.3536326924347793,2018-12-19
0.2972816349934172,-0.3318778852361541,0.3573079736733638,2018-12-20
0.29986720097754077,-0.33521477309943803,0.36064109037674463,2018-12-21
0.30218491916764895,-0.33828107263976454,0.3636329905493016,2018-12-22
0.3042330017057447,-0.34107587496168257,0.3662858541329398,2018-12-23
0.3060106120559848,-0.3435991442147292,0.36860307872086134,2018-12-24
0.3075178632834636,-0.3458517136874747,0.37058926173416423,2018-12-25
0.3087558135851606,-0.3478352794442893,0.37225017911811714,2018-12-26
0.3097264590893455,-0.34955239152507245,0.37359276062434493,2018-12-27
0.31043272394746685,-0.3510064427351404,0.37462506175486177,2018-12-28
0.31087844774976997,-0.3522016550587489,0.37535623245270217,2018-12-29
0.31106837030349166,-0.35314306373651366,0.37579648263333043,2018-12-30
0.3110081138194184,-0.3538364990529751,0.37595704465907415,2018-12-31
0.310704162560066,-0.3542885658872012,0.3758501328679136,2019-01-01
0.31016384000933966,-0.3545066210850667,0.37548890027535714,2019-01-02
0.30939528363069585,-0.3544987487180499,0.3748873925765485,2019-01-03
0.3084074172870829,-0.35427373329887213,0.3740604995824984,2019-01-04
0.30720992140270376,-0.35384103103019454,0.3730239042320446,2019-01-05
0.3058132009524909,-0.35321073916755386,0.37179402932710476,2019-01-06
0.3042283513715548,-0.3523935635832987,0.37038798214577745,2019-01-07
0.30246712248201746,-0.3514007846226729,0.36882349709278056,2019-01-08
0.3005418805407454,-0.3502442213483867,0.36711887655305653,2019-01-09
0.29846556851598516,-0.34893619427387856,0.3652929301183591,2019-01-10
0.2962516647062871,-0.34748948668999585,0.3633649123618119,2019-01-11
0.2939141398192877,-0.3459173046933859,0.36135445933895716,2019-01-12
0.2914674126324313,-0.34423323602860695,0.359281523997573,2019-01-13
0.2889263043614021,-0.3424512078590801,0.3571663106813299,2019-01-14
0.2863059918655547,-0.3405854435848828,0.35502920891481093,2019-01-15
0.28362195982305904,-0.3386504188281527,0.3528907266595769,2019-01-16
0.2808899520111018,-0.33666081670900067,0.3507714232322242,2019-01-17
0.27812592182893014,-0.33463148253674857,0.3486918420762908,2019-01-18
0.2753459822038447,-0.33257737804307547,0.34667244358043225,2019-01-19
0.27256635502170307,-0.33051353528473015,0.3447335381349415,2019-01-20
0.2698033202248032,-0.3284550103443637,0.34289521961802893,2019-01-21
0.2670731647212174,-0.3264168369588034,0.3411772995022919,2019-01-22
0.2643921312497975,-0.32441398020400575,0.33959924176977957,2019-01-23
0.26177636734571186,-0.3224612903661832,0.33818009882231437,2019-01-24
0.25924187455035497,-0.3205734571274739,0.33693844857018357,2019-01-25
0.25680445800980944,-0.31876496419450384,0.3358923328801102,2019-01-26
0.25447967660400717,-0.31705004449616164,0.33505919755858776,2019-01-27
0.25228279374806856,-0.31544263607604706,0.3344558340434033,2019-01-28
0.2502287290049657,-0.3139563388026902,0.3340983229706638,2019-01-29
0.24833201064694477,-0.3126043720188898,0.3340019797802287,2019-01-30
0.24660672929988645,-0.3113995332483825,0.3341813025160551,2019-01-31
0.24506649280270754,-0.31035415807591915,0.334649921972742,2019-02-01
0.243724382409735,-0.30948008131292043,0.33542055433228307,2019-02-02
0.24259291046103745,-0.30878859955801374,0.336504956428996,2019-02-03
0.24168397964119928,-0.3082904352575134,0.33791388377260084,2019-02-04
0.24100884394309005,-0.3079957023672091,0.33965705145249786,2019-02-05
0.24057807144823887,-0.3079138737122063,0.3417430980378407,2019-02-06
0.24040150903059906,-0.3080537501370908,0.34417955258010635,2019-02-07
0.24048824908527847,-0.3084234315338304,0.3469728048160717,2019-02-08
0.2408465983782125,-0.30903028982969594,0.35012807866043816,2019-02-09
0.24148404910705293,-0.30988094401222316,0.353649409068309,2019-02-10
0.24240725225740337,-0.31098123726261884,0.35753962233828485,2019-02-11
0.2436219933323813,-0.31233621626337676,0.36180031991753275,2019-02-12
0.245133170526898,-0.31395011273989026,0.3664318657605014,2019-02-13
0.2469447754114791,-0.3158263272898742,0.3714333772833307,2019-02-14
0.24905987618345574,-0.3179674155480544,0.3768027199456582,2019-02-15
0.25148060353642465,-0.32037507672733373,0.38253650548185203,2019-02-16
0.25420813919177654,-0.32305014457124026,0.3886300937936911,2019-02-17
0.25724270712858993,-0.32599258074568577,0.3950775985058739,2019-02-18
0.2605835675409609,-0.32920147069159744,0.4018718961760462,2019-02-19
0.264229013544439,-0.33267502195334525,0.40900463914100593,2019-02-20
0.26817637064539784,-0.3364105649908514,0.41646627197002223,2019-02-21
0.2724219989799448,-0.3404045564768479,0.42424605148697464,2019-02-22
0.2769612983210447,-0.34465258507364716,0.4323320703123668,2019-02-23
0.2817887158453208,-0.3491493796774178,0.44071128386737424,2019-02-24
0.286897756642872,-0.353888820110693,0.4493695407712658,2019-02-25
0.29228099694634957,-0.35886395023759804,0.4582916165551163,2019-02-26
0.2979301000479895,-0.3640669934695846,0.4674612506051359,2019-02-27
0.303835834865566,-0.36948937062263804,0.4768611862395509,2019-02-28
0.3099880971111561,-0.3751217200806888,0.4864732138144556,2019-03-01
0.31637593300971323,-0.38095392021392843,0.4962782167461453,2019-03-02
0.32298756550657565,-0.3869751139937738,0.5062562203278048,2019-03-03
0.3298104228969586,-0.3931737357409582,0.5163864432119853,2019-03-04
0.3368311698034676,-0.3995375399370759,0.5266473514221438,2019-03-05
0.34403574042088186,-0.4060536320239996,0.5370167147490862,2019-03-06
0.3514093739415477,-0.4127085011104605,0.5474716653818631,2019-03-07
0.3589366520682937,-0.4194880544995103,0.5579887586158472,2019-03-08
0.3666015385164721,-0.42637765394601496,0.5685440354754657,2019-03-09
0.3743874204003404,-0.4333621535477963,0.5791130870823824,2019-03-10
0.38227715139435725,-0.4404259391700956,0.5896711205957791,2019-03-11
0.390253096554988,-0.4475529692987673,0.6001930265467809,2019-03-12
0.39829717868321496,-0.4547268172130024,0.61065344738399,2019-03-13
0.40639092610426086,-0.46193071436528854,0.6210268470444025,2019-03-14
0.41451552173700335,-0.46914759485293017,0.6312875813608275,2019-03-15
0.4226518533211124,-0.4763601408617001,0.6414099691133454,2019-03-16
0.4307805646672896,-0.4835508289600456,0.6513683635311417,2019-03-17
0.43888210779299364,-0.4907019771198171,0.6611372240494353,2019-03-18
0.44693679580266493,-0.49779579233671717,0.6706911881242279,2019-03-19
0.4549248563700883,-0.5048144187226549,0.6800051429081576,2019-03-20
0.4628264856781564,-0.5117399859403131,0.6890542965901307,2019-03-21
0.4706219026700482,-0.5185546578493391,0.6978142492021279,2019-03-22
0.4782914034644892,-0.5252406812326098,0.7062610626974539,2019-03-23
0.48581541578707677,-0.5317804344706382,0.7143713301061929,2019-03-24
0.4931745532700866,-0.5381564760327934,0.7221222435766663,2019-03-25
0.5003496694718476,-0.5443515926530685,0.7294916611126161,2019-03-26
0.5073219114687183,-0.550348847060072,0.7364581718207178,2019-03-27
0.5140727728727977,-0.5561316251312369,0.7430011594856409,2019-03-28
0.5205841461299093,-0.5616836823427139,0.7491008642943137,2019-03-29
0.5268383739540027,-0.5669891893880696,0.754738442535468,2019-03-30
0.5328182997568707,-0.5720327768415447,0.7598960241064433,2019-03-31
0.5385073169332474,-0.5767995787429187,0.7645567676634152,2019-04-01
0.5438894168655674,-0.5812752749849401,0.7687049132586857,2019-04-02
0.5489492355148122,-0.5854461323864174,0.7723258323140305,2019-04-03
0.5536720984681899,-0.5892990443380718,0.7754060747866546,2019-04-04
0.5580440643176164,-0.59282156891134,0.777933413391011,2019-04-05
0.5620519662477713,-0.5960019653247369,0.7798968847478109,2019-04-06
0.5656834517170004,-0.5988292286665597,0.781286827339411,2019-04-07
0.5689270201188722,-0.6012931227769344,0.782094916158889,2019-04-08
0.5717720583178149,-0.6033842111973358,0.7823141939490238,2019-04-09
0.5742088739576786,-0.605093886100661,0.7819390989361826,2019-04-10
0.5762287264475947,-0.6064143951200276,0.7809654889733013,2019-04-11
0.5778238555358677,-0.60733886600021,0.7793906620156803,2019-04-12
0.578987507388825,-0.6078613290012549,0.7772133728629035,2019-04-13
0.5797139580979254,-0.6079767369895919,0.7744338461099728,2019-04-14
0.5799985345453309,-0.6076809831582024,0.7710537852609418,2019-04-15
0.5798376325650149,-0.6069709163235621,0.767076377968358,2019-04-16
0.5792287323435636,-0.6058443537534505,0.7625062973719717,2019-04-17
0.5781704110120907,-0.6043000914862615,0.7573496995208603,2019-04-18
0.5766623523881427,-0.6023379121091009,0.751614216873275,2019-04-19
0.5747053538338792,-0.5999585899685439,0.7453089478788031,2019-04-20
0.5723013302045658,-0.5971638937949222,0.7384444426584116,2019-04-21
0.5694533148689784,-0.5939565867276461,0.7310326848077298,2019-04-22
0.5661654577912079,-0.5903404237361616,0.7230870693598875,2019-04-23
0.5624430206709368,-0.5863201464377732,0.7146223769537318,2019-04-24
0.5582923691473762,-0.5819014753208605,0.7056547442644621,2019-04-25
0.553720962079612,-0.577091099388606,0.696201630762864,2019-04-26
0.5487373379238388,-0.5718966632451948,0.6862817818793804,2019-04-27
0.5433510982360111,-0.5663267516535708,0.6759151886594327,2019-04-28
0.5375728883358974,-0.5603908716003579,0.6651230440055165,2019-04-29
0.5314143751758402,-0.5540994319099332,0.6539276956102571,2019-04-30
0.5248882224657168,-0.5474637204569163,0.6423525956950351,2019-05-01
0.5180080631122457,-0.5404958790320532,0.6304222476760262,2019-05-02
0.5107884690381814,-0.5332088759229348,0.6181621498883637,2019-05-03
0.503244918454305,-0.5256164762774737,0.6055987365076515,2019-05-04
0.49539376066352064,-0.5177332103235217,0.592759315814976,2019-05-05
0.4872521784834115,-0.5095743395241928,0.579672005959508,2019-05-06
0.4788381483794521,-0.5011558207534043,0.5663656683787364,2019-05-07
0.47017039840814434,-0.49249426858237305,0.5528698390442882,2019-05-08
0.46126836407458904,-0.4836069157721997,0.53921465770619,2019-05-09
0.4521521422146132,-0.4745115720724679,0.5254307953139783,2019-05-10
0.4428424430177462,-0.4652265814311657,0.5115493797994147,2019-05-11
0.4333605403116542,-0.45577077772478564,0.4976019204090139,2019-05-12
0.42372822023336015,-0.4461634391214433,0.4836202307787255,2019-05-13
0.4139677284178743,-0.4364242411944403,0.46963635094803363,2019-05-14
0.404101715838153,-0.4265732089063152,0.45568246851266664,2019-05-15
0.39415318343402705,-0.4166306675865124,0.44179083911772954,2019-05-16
0.384145425672035,-0.40661719302948784,0.4279937064964456,2019-05-17
0.37410197318005395,-0.3965535608414506,0.41432322225972135,2019-05-18
0.36404653460393666,-0.3864606951667654,0.4008113656437321,2019-05-19
0.35400293783520187,-0.37635961692632675,0.38748986342261554,2019-05-20
0.3439950707612026,-0.36627139170223055,0.374390110193978,2019-05-21
0.3340468216904681,-0.3562170774038593,0.36154308924401585,2019-05-22
0.3241820196062487,-0.34621767185054686,0.34897929419693385,2019-05-23
0.3144243744036043,-0.33629406040792437,0.33672865165380367,2019-05-24
0.3047974172639975,-0.32646696381347917,0.3248204450215923,2019-05-25
0.2953244413219942,-0.3167568863271933,0.3132832397313863,2019-05-26
0.28602844277824835,-0.3071840643426368,0.3021448100416586,2019-05-27
0.2769320626118579,-0.2977684155925851,0.2914320676184437,2019-05-28
0.26805752904311864,-0.2885294890811746,0.2811709920791252,2019-05-29
0.25942660089751945,-0.27948641587435324,0.2713865636836283,2019-05-30
0.25106051201794866,-0.2706578608765825,0.26210269834943145,2019-05-31
0.24297991687087625,-0.2620619757205876,0.25334218516264445,2019-06-01
0.2352048374883259,-0.25371635289312555,0.24512662654998824,2019-06-02
0.22775461188518428,-0.24563798121768773,0.23747638127101375,2019-06-03
0.22064784408691637,-0.23784320281077312,0.2304105103818905,2019-06-04
0.21390235589880766,-0.23034767162467415,0.223946726314749,2019-06-05
0.20753514054413744,-0.22316631368638387,0.2181013452093459,2019-06-06
0.20156231829329543,-0.21631328913715783,0.2128892426248694,2019-06-07
0.1959990942009084,-0.20980195617271494,0.20832381275126702,2019-06-08
0.19085971806323618,-0.20364483697979427,0.20441693123105376,2019-06-09
0.18615744670185383,-0.19785358575898085,0.20117892169279245,2019-06-10
0.1819045086738175,-0.19243895891841797,0.19861852608813288,2019-06-11
0.178112071502774,-0.18741078751797693,0.19674287891489953,2019-06-12
0.17479021151840837,-0.18277795203689837,0.19555748539831858,2019-06-13
0.17194788638559869,-0.17854835953266215,0.19506620369275993,2019-06-14
0.1695929103968715,-0.17472892325162445,0.19527123115560469,2019-06-15
0.16773193259584737,-0.17132554474702613,0.19617309473496802,2019-06-16
0.16637041779101433,-0.16834309855214066,0.19777064550193627,2019-06-17
0.16551263051232276,-0.1657854194504961,0.20006105734756613,2019-06-18
0.16516162195538267,-0.16365529237802331,0.20303982985424052,2019-06-19
0.165319219950353,-0.16195444498538128,0.20670079534003727,2019-06-20
0.16598602198481663,-0.160683542881609,0.21103613006409574,2019-06-21
0.16716139130204208,-0.15984218757329108,0.21603636957046118,2019-06-22
0.16884345608814624,-0.15942891710659532,0.22169042813672837,2019-06-23
0.17102911175361543,-0.1594412094122978,0.22798562228365227,2019-06-24
0.17371402630678903,-0.1598754883469755,0.23490769829135008,2019-06-25
0.17689264880874797,-0.16072713241656447,0.2424408636570725,2019-06-26
0.1805582208911358,-0.16199048616135678,0.25056782241947767,2019-06-27
0.18470279131072972,-0.163658874174782,0.2592698142648546,2019-06-28
0.1893172335062557,-0.16572461772120436,0.26852665731980757,2019-06-29
0.19439126611569077,-0.1681790539114504,0.27831679452665314,2019-06-30
0.19991347640417398,-0.17101255738787677,0.28861734348744705,2019-07-01
0.20587134654559067,-0.17421456446449493,0.29940414965457285,2019-07-02
0.21225128269290147,-0.17777359966097125,0.31065184273599095,2019-07-03
0.21903864676550358,-0.1816773045632815,0.3223338961757904,2019-07-04
0.22621779087496804,-0.18591246893781818,0.33442268956282784,2019-07-05
0.23377209430305237,-0.19046506401952082,0.3468895738115921,2019-07-06
0.24168400293979955,-0.19532027788921522,0.359704938953201,2019-07-07
0.24993507108324223,-0.20046255284996964,0.37283828436775,2019-07-08
0.25850600549540487,-0.20587562470663343,0.38625829128175615,2019-07-09
0.26737671160409643,-0.21154256384815043,0.3999328973496545,2019-07-10
0.27652634173450164,-0.21744581802760174,0.41382937313296075,2019-07-11
0.28593334524847586,-0.22356725672996805,0.42791440028448974,2019-07-12
0.2955755204655428,-0.22988821701413617,0.4421541512422108,2019-07-13
0.3054300682339436,-0.2363895507111107,0.4565143702318139,2019-07-14
0.31547364701710967,-0.24305167285782356,0.47096045537560133,2019-07-15
0.32568242935529906,-0.24985461124144695,0.48545754169991323,2019-07-16
0.33603215956010274,-0.25677805692738664,0.49997058483321755,2019-07-17
0.346498212495682,-0.26380141564098686,0.5144644451842072,2019-07-18
0.35705565329755196,-0.2709038598707598,0.5289039723876724,2019-07-19
0.36767929787748677,-0.2780643815590395,0.5432540898054986,2019-07-20
0.37834377406184466,-0.28526184524511067,0.5574798788709827,2019-07-21
0.3890235832072896,-0.2924750415233954,0.5715466630627577,2019-07-22
0.39969316213833045,-0.29968274067975886,0.5854200912978508,2019-07-23
0.41032694524952995,-0.3068637463678772,0.5990662205338481,2019-07-24
0.4208994266145587,-0.3139969491875034,0.6124515973718525,2019-07-25
0.4313852219448213,-0.3210613800269689,0.6255433384552262,2019-07-26
0.4417591302403094,-0.3280362630326754,0.6383092094615991,2019-07-27
0.45199619497687255,-0.3349010680697581,0.6507177024901513,2019-07-28
0.4620717646741604,-0.34163556253867766,0.6627381116488803,2019-07-29
0.47196155269107476,-0.3482198624148471,0.6743406066524268,2019-07-30
0.48164169609755725,-0.35463448238041484,0.68549630424608,2019-07-31
0.4910888134730697,-0.36086038491913036,0.6961773372761634,2019-08-01
0.50028006148585,-0.3668790282485631,0.7063569212341929,2019-08-02
0.5091931901101537,-0.37267241296695724,0.7160094181086095,2019-08-03
0.5178065963414075,-0.37822312729482743,0.7251103973839124,2019-08-04
0.5260993762739704,-0.38351439079565436,0.733636694035365,2019-08-05
0.5340513754104056,-0.38853009646397707,0.7415664633750875,2019-08-06
0.5416432370750061,-0.39325485107297836,0.7488792326126886,2019-08-07
0.5488564488102116,-0.3976740136788237,0.7555559490030828,2019-08-08
0.5556733866391964,-0.40177373218349427,0.7615790244623023,2019-08-09
0.5620773570838151,-0.4055409778630822,0.7669323765415754,2019-08-10
0.5680526368325414,-0.40896357777370845,0.7716014656589733,2019-08-11
0.5735845099593841,-0.4120302449528238,0.7755733284978336,2019-08-12
0.578659302601483,-0.41473060633972664,0.7788366074912857,2019-08-13
0.5832644150087777,-0.4170552283444685,0.7813815763215812,2019-08-14
0.5873883508869236,-0.4189956400011244,0.7832001613739674,2019-08-15
0.5910207439611391,-0.42054435364732357,0.7842859590948188,2019-08-16
0.5941523816959865,-0.42169488307852737,0.7846342492143914,2019-08-17
0.5967752261134781,-0.42244175913214177,0.7842420038052168,2019-08-18
0.5988824316594225,-0.42278054266323156,0.7831078921579078,2019-08-19
0.6004683600757433,-0.4227078348805211,0.7812322814668082,2019-08-20
0.6015285922438892,-0.4222212850180746,0.7786172333287812,2019-08-21
0.6020599369727003,-0.421319595325208,0.7752664960691328,2019-08-22
0.6020604367117955,-0.4200025233640093,0.7711854929193166,2019-08-23
0.6015293701795031,-0.418270881610982,0.7663813060818508,2019-08-24
0.6004672519024326,-0.4161265343662886,0.760862656728282,2019-08-25
0.5988758286717247,-0.41357239198115703,0.7546398809865956,2019-08-26
0.5967580729289249,-0.4106124024208359,0.7477249019843552,2019-08-27
0.5941181731024618,-0.40725154018765786,0.7401311980245232,2019-08-28
0.590961520923536,-0.4034957926354727,0.7318737669803591,2019-08-29
0.587294695757885,-0.39935214371341,0.7229690870052514,2019-08-30
0.5831254459978515,-0.3948285551839196,0.7134350736634564,2019-08-31
0.5784626675665471,-0.3899339453663393,0.7032910335961624,2019-09-01
0.5733163795931939,-0.3846781654635401,0.6925576148459397,2019-09-02
0.5676976973264152,-0.37907197353591604,0.681256753971991,2019-09-03
0.5616188023589855,-0.3731270061926863,0.6694116200959407,2019-09-04
0.5550929102443362,-0.3668557480763106,0.6570465560254896,2019-09-05
0.5481342355923239,-0.36027149922204976,0.6441870166116973,2019-09-06
0.5407579547376001,-0.35338834037957223,0.6308595045013287,2019-09-07
0.5329801660804732,-0.34622109638913573,0.617091503453015,2019-09-08
0.5248178482058039,-0.33878529770960186,0.6029114093914358,2019-09-09
0.5162888158914632,-0.3310971402006228,0.5883484593800677,2019-09-10
0.5074116741231282,-0.32317344326570585,0.5734326586978508,2019-09-11
0.498205770236541,-0.3150316064664414,0.5581947062087346,2019-09-12
0.48869114431446103,-0.3066895647233342,0.5426659182194542,2019-09-13
0.4788884779685389,-0.2981657422210175,0.5268781510222842,2019-09-14
0.4688190416409517,-0.2894790051394517,0.5108637223235092,2019-09-15
0.458504640564506,-0.28064861333581353,0.4946553317613618,2019-09-16
0.4479675595230774,-0.2716941711042905,0.4782859807188232,2019-09-17
0.4372305065564016,-0.2626355771425995,0.4617888916371207,2019-09-18
0.42631655575743427,-0.2534929738574333,0.4451974270391697,2019-09-19
0.41524908931101256,-0.24428669614119852,0.4285450084701755,2019-09-20
0.4040517389250087,-0.23503721975428837,0.41186503556345244,2019-09-21
0.39274832680681926,-0.22576510944822567,0.39519080543939344,2019-09-22
0.3813628063384003,-0.21649096696507897,0.37855543264327574,2019-09-23
0.36991920260411987,-0.20723537904912145,0.3619917698266774,2019-09-24
0.35844155292504937,-0.19801886560587936,0.34553232937376943,2019-09-25
0.3469538475543125,-0.18886182814418814,0.329209206172764,2019-09-26
0.3354799706864091,-0.17978449863512927,0.31305400172792347,2019-09-27
0.3240436419323609,-0.17080688892047044,0.2970977498036997,2019-09-28
0.3126683584120749,-0.16194874080243707,0.28137084378965044,2019-09-29
0.3013773376124221,-0.15322947694385555,0.2659029659684524,2019-09-30
0.29019346115728645,-0.14466815270544434,0.2507230188640556,2019-10-01
0.27913921963422605,-0.1362834090451954,0.2358590588426466,2019-10-02
0.26823665861835777,-0.12809342660103798,0.22133823213144135,2019-10-03
0.2575073260307187,-0.12011588107474498,0.2071867134137409,2019-10-04
0.24697222096561697,-0.11236790003220568,0.19342964715295288,2019-10-05
0.2366517441161611,-0.1048660212303842,0.18009109178915986,2019-10-06
0.2265656499235564,-0.09762615257770982,0.16719396694514982,2019-10-07
0.21673300057041253,-0.09066353382981082,0.15476000376977248,2019-10-08
0.20717212193393977,-0.08399270011823215,0.1428096985390288,2019-10-09
0.19790056160908856,-0.07762744740453462,0.13136226962573486,2019-10-10
0.18893504910558664,-0.07158079994659497,0.12043561793913697,2019-10-11
0.18029145831821838,-0.06586497985946546,0.11004629092798014,2019-10-12
0.17198477236219437,-0.060491378846512255,0.10020945022946497,2019-10-13
0.1640290508595398,-0.055470532171128045,0.09093884303721113,2019-10-14
0.15643739975616364,-0.050812094933458084,0.08224677725198291,2019-10-15
0.14922194374195766,-0.046524820710118285,0.07414410046805421,2019-10-16
0.14239380133920812,-0.04261654260847771,0.0666401828379805,2019-10-17
0.1359630627177927,-0.03909415678088077,0.05974290384853405,2019-10-18
0.12993877028821607,-0.03596360843750759,0.053458643030017336,2019-10-19
0.12432890211583261,-0.03322988038973315,0.0477922746105527,2019-10-20
0.11914035819209576,-0.03089698414916256,0.04274716611638067,2019-10-21
0.11437894959144726,-0.028967953600881086,0.038325180909362225,2019-10-22
0.11004939053414717,-0.027444841262292435,0.03452668464164631,2019-10-23
0.10615529336804522,-0.026328717132250906,0.03135055559772311,2019-10-24
0.10269916647410746,-0.02561967012813485,0.028794198883383346,2019-10-25
0.09968241509322631,-0.025316812101814662,0.0268535644114314,2019-10-26
0.09710534506363208,-0.025418284418427892,0.025523168623595924,2019-10-27
0.09496716945058917,-0.02592126707516793,0.024796119878416525,2019-10-28
0.09326601804262621,-0.0268219903305548,0.024664147425401448,2019-10-29
0.09199894968065284,-0.028115748807943517,0.025117633876158077,2019-10-30
0.0911619673789262,-0.029796918030585404,0.026145651074214554,2019-10-31
0.09075003618957314,-0.03185897333900675,0.027735999256354518,2019-11-01
0.09075710375493981,-0.03429451113523122,0.02987524938966794,2019-11-02
0.0911761234850639,-0.03709527239231634,0.03254878856041622,2019-11-03
0.09199908029066002,-0.04025216836149829,0.03574086828273724,2019-11-04
0.09321701879522784,-0.04375530840365947,0.039434655587817904,2019-11-05
0.09482007394354959,-0.047594029866185474,0.04361228674709331,2019-11-06
0.09679750391733179,-0.05175692992089607,0.048254923476033114,2019-11-07
0.09913772526302318,-0.05623189927362119,0.0533428114590778,2019-11-08
0.1018283501306624,-0.06100615765091908,0.05885534102987245,2019-11-09
0.10485622551775127,-0.0660662909653879,0.06477110983649763,2019-11-10
0.10820747440616287,-0.07139829005571206,0.07106798731505538,2019-11-11
0.1118675386759765,-0.07698759089441858,0.07772318079181466,2019-11-12
0.11582122367502724,-0.08281911615202985,0.08471330302927955,2019-11-13
0.1200527443190242,-0.08887731800288638,0.09201444102839944,2019-11-14
0.1245457725928213,-0.09514622205459221,0.09960222589572816,2019-11-15
0.12928348632062428,-0.10160947228085064,0.10745190358293998,2019-11-16
0.1342486190686407,-0.10825037683372495,0.11553840630248187,2019-11-17
0.13942351104198944,-0.11505195461043098,0.12383642442347552,2019-11-18
0.1447901608343549,-0.12199698244689415,0.1323204786497208,2019-11-19
0.15033027788750059,-0.12906804280960288,0.1409649922823686,2019-11-20
0.15602533551543854,-0.13624757185528144,0.1497443633689809,2019-11-21
0.1618566243472493,-0.1435179077277115,0.15863303654218183,2019-11-22
0.16780530604171023,-0.15086133896059384,0.16760557435239082,2019-11-23
0.17385246712587216,-0.15826015285456102,0.17663672790008608,2019-11-24
0.17997917281012366,-0.16569668369731527,0.18570150657611045,2019-11-25
0.18616652063262662,-0.1731533606964692,0.1947752467213581,2019-11-26
0.19239569378616916,-0.18061275549494826,0.20383367901969549,2019-11-27
0.1986480139821316,-0.18805762914076546,0.21285299444259928,2019-11-28
0.2049049937077666,-0.1954709783846147,0.2218099085682921,2019-11-29
0.21114838773427685,-0.20283608117999058,0.2306817241020729,2019-11-30
0.2173602437362122,-0.2101365412637577,0.23944639143088137,2019-12-01
0.2235229518845519,-0.21735633169685115,0.24808256704974407,2019-12-02
0.22961929327987474,-0.22447983724881615,0.25656966970519757,2019-12-03
0.23563248709406842,-0.23149189551179633,0.26488793410562195,2019-12-04
0.2415462362939631,-0.23837783663438783,0.2730184620568763,2019-12-05
0.2473447718236842,-0.24512352156906853,0.2809432708882061,2019-12-06
0.2530128951269763,-0.2517153787309644,0.28864533904096973,2019-12-07
0.2585360188954228,-0.25814043897027467,0.2961086487008855,2019-12-08
0.26390020593402796,-0.2643863687658057,0.30331822536333847,2019-12-09
0.26909220603989975,-0.27044150155096375,0.3102601742286979,2019-12-10
0.27409949079636464,-0.2762948670897448,0.31692171333465224,2019-12-11
0.27891028619016783,-0.2819362188251994,0.32329120334119876,2019-12-12
0.28351360296546546,-0.28735605912826245,0.3293581738930224,2019-12-13
0.28789926463484394,-0.2925456623809988,0.33511334649402524,2019-12-14
0.2920579330739431,-0.29749709583396533,0.34054865383808064,2019-12-15
0.29598113163325634,-0.30220323818388367,0.34565725555037796,2019-12-16
0.29966126570709806,-0.30665779582350206,0.3504335503030442,2019-12-17
0.3030916407072077,-0.3108553167224149,0.3548731842793511,2019-12-18
0.30626647739550583,-0.31479120190394716,0.3589730559707671,2019-12-19
0.3091809245377753,-0.3184617144897099,0.36273131730113684,2019-12-20
0.31183106884741496,-0.32186398629008317,0.3661473710824759,2019-12-21
0.3142139421960231,-0.32499602192572113,0.3692218648171011,2019-12-22
0.31632752607511133,-0.3278567004719476,0.371956680870932,2019-12-23
0.3181707533005993,-0.330445774624382,0.3743549230525138,2019-12-24
0.3197435069595978,-0.33276386739122654,0.37642089964255787,2019-12-25
0.32104661660651673,-0.33481246632433775,0.3781601029284993,2019-12-26
0.32208185172296544,-0.3365939153077061,0.37957918530800466,2019-12-27
0.3228519124636167,-0.3381114039288828,0.3806859320350392,2019-12-28
0.3233604177176011,-0.33936895446541016,0.3814892306912526,2019-12-29
0.3236118905223096,-0.3403714065246796,0.3819990374743596,2019-12-30
0.32361174087383876,-0.3411243993822085,0.3822263404040381,2019-12-31
0.3233662459855069,-0.34163435206956255,0.3821831195544536,2020-01-01
